706636,JAKAVI Comp. 10 mg,http://vademecum.es/medicamento-jakavi_44735
694391,JAKAVI Comp. 15 mg,http://vademecum.es/medicamento-jakavi_40856
698273,JAKAVI Comp. 15 mg,http://vademecum.es/medicamento-jakavi_40856
694392,JAKAVI Comp. 20 mg,http://vademecum.es/medicamento-jakavi_40857
698274,JAKAVI Comp. 20 mg,http://vademecum.es/medicamento-jakavi_40857
694393,JAKAVI Comp. 5 mg,http://vademecum.es/medicamento-jakavi_40858
698272,JAKAVI Comp. 5 mg,http://vademecum.es/medicamento-jakavi_40858
662086,JALRA Comp. 50 mg,http://vademecum.es/medicamento-jalra_33060
662087,JALRA Comp. 50 mg,http://vademecum.es/medicamento-jalra_33060
661196,JANUMET Comp. recub. con película 50 mg/1000 mg,http://vademecum.es/medicamento-janumet_32551
661197,JANUMET Comp. recub. con película 50 mg/1000 mg,http://vademecum.es/medicamento-janumet_32551
702695,,http://vademecum.es/medicamento-janumet_43681
658764,JANUVIA Comp. recub. con película 100 mg,http://vademecum.es/medicamento-januvia_31002
658766,JANUVIA Comp. recub. con película 100 mg,http://vademecum.es/medicamento-januvia_31002
602517,JANUVIA Comp. recub. con película 100 mg,http://vademecum.es/medicamento-januvia_31002
688969,JANUVIA Comp. recub. con película 25 mg,http://vademecum.es/medicamento-januvia_39400
688968,JANUVIA Comp. recub. con película 50 mg,http://vademecum.es/medicamento-januvia_39401
774091,JARABE DEL Dr. MANCEAU Jarabe,http://vademecum.es/medicamento-jarabe+del+dr.+manceau_2102
774083,JARABE DEL Dr. MANCEAU Jarabe,http://vademecum.es/medicamento-jarabe+del+dr.+manceau_2102
702686,JARDIANCE Comp. recub. con película 10 mg,http://vademecum.es/medicamento-jardiance_ficha_43682
702683,JARDIANCE Comp. recub. con película 25 mg,http://vademecum.es/medicamento-jardiance_ficha_43683
663705,JAVLOR Concentrado para sol. para perfusión 25 mg/ml,http://vademecum.es/medicamento-javlor_ficha_34788
663706,JAVLOR Concentrado para sol. para perfusión 25 mg/ml,http://vademecum.es/medicamento-javlor_ficha_34788
663707,JAVLOR Concentrado para sol. para perfusión 25 mg/ml,http://vademecum.es/medicamento-javlor_ficha_34788
663709,JAVLOR Concentrado para sol. para perfusión 25 mg/ml,http://vademecum.es/medicamento-javlor_ficha_34788
663710,JAVLOR Concentrado para sol. para perfusión 25 mg/ml,http://vademecum.es/medicamento-javlor_ficha_34788
663711,JAVLOR Concentrado para sol. para perfusión 25 mg/ml,http://vademecum.es/medicamento-javlor_ficha_34788
696907,"JAYDESS Sistema de liberación intrauterino 13,5 mg",http://vademecum.es/medicamento-jaydess_ficha_42655
692481,"JENTADUETO Comp. recub. con película 2,5/1000 mg",http://vademecum.es/medicamento-jentadueto_ficha_40320
692482,"JENTADUETO Comp. recub. con película 2,5/850 mg",http://vademecum.es/medicamento-jentadueto_ficha_40321
697857,"JETREA Concentrado para sol. iny. 0,5 mg/0,2 ml",http://vademecum.es/medicamento-jetrea_41722
173658,,http://vademecum.es/medicamento-jevity+hical_27643
504875,,http://vademecum.es/medicamento-jevity+plus_21433
326223,,http://vademecum.es/medicamento-jevity+plus_21433
180430,,http://vademecum.es/medicamento-jevity+plus_21433
236638,,http://vademecum.es/medicamento-jevity+plus_21433
504122,,http://vademecum.es/medicamento-jevity+plus+hp_33801
504876,,http://vademecum.es/medicamento-jevity+r.t.h._2103
300152,,http://vademecum.es/medicamento-jevity+r.t.h._2103
332338,,http://vademecum.es/medicamento-jevity+r.t.h._2103
677657,JEVTANA Concent. y disolv. para sol. para perfusión 60 mg,http://vademecum.es/medicamento-jevtana_37474
677267,JEXT Sol. iny. pluma precargada 150 mcg,http://vademecum.es/medicamento-jext_36534
706474,JEXT Sol. iny. pluma precargada 150 mcg,http://vademecum.es/medicamento-jext_36534
677268,JEXT Sol. iny. pluma precargada 300 mcg,http://vademecum.es/medicamento-jext_36535
706473,JEXT Sol. iny. pluma precargada 300 mcg,http://vademecum.es/medicamento-jext_36535
706998,JINARC Comp. 15 mg,http://vademecum.es/medicamento-jinarc_45512
707005,JINARC Comp. 15 mg + 45 mg,http://vademecum.es/medicamento-jinarc_45513
706999,JINARC Comp. 30 mg,http://vademecum.es/medicamento-jinarc_45514
707006,JINARC Comp. 30 mg + 60 mg,http://vademecum.es/medicamento-jinarc_45515
707007,JINARC Comp. 30 mg + 90 mg,http://vademecum.es/medicamento-jinarc_45516
666263,JOSAMINA Comp. recub. 500 mg,http://vademecum.es/medicamento-josamina_2106
625913,JOSAMINA Comp. recub. 500 mg,http://vademecum.es/medicamento-josamina_2106
654401,JOSAMINA Susp. 250 mg/5 ml,http://vademecum.es/medicamento-josamina_2109
654419,JOSAMINA Susp. 500 mg/5 ml,http://vademecum.es/medicamento-josamina_20610
711159,JUANOLCOLD RESFRIADOS Comp.,http://vademecum.es/medicamento-juanolcold+resfriados_45162
802132,JUNIFEN Comp. bucodispersable 200 mg sabor limón,http://vademecum.es/medicamento-junifen_26466
784397,JUNIFEN Comp. bucodispersable 200 mg sabor limón,http://vademecum.es/medicamento-junifen_26466
802140,JUNIFEN Comp. bucodispersable 200 mg sabor limón,http://vademecum.es/medicamento-junifen_26466
701428,JUNIFEN Susp. oral 40 mg/ml,http://vademecum.es/medicamento-junifen_43080
701703,JUNIFEN Susp. oral sabor naranja 20 mg/ml,http://vademecum.es/medicamento-junifen_43241
701704,JUNIFEN Susp. oral sabor naranja 20 mg/ml,http://vademecum.es/medicamento-junifen_43241
701705,JUNIFEN Susp. oral sabor naranja 20 mg/ml,http://vademecum.es/medicamento-junifen_43241
676265,JUNIFEN Susp. oral sabor naranja 40 mg/ml,http://vademecum.es/medicamento-junifen_37837
676266,JUNIFEN Susp. oral sabor naranja 40 mg/ml,http://vademecum.es/medicamento-junifen_37837
676271,JUNIPRO Susp. oral sabor fresa 40 mg/ml,http://vademecum.es/medicamento-junipro_37836
676272,JUNIPRO Susp. oral sabor fresa 40 mg/ml,http://vademecum.es/medicamento-junipro_37836
655999,JURNISTA Comp. de liberación prolongada 16 mg,http://vademecum.es/medicamento-jurnista_ficha_30128
656000,JURNISTA Comp. de liberación prolongada 32 mg,http://vademecum.es/medicamento-jurnista_ficha_30129
660754,JURNISTA Comp. de liberación prolongada 4 mg,http://vademecum.es/medicamento-jurnista_ficha_32355
655998,JURNISTA Comp. de liberación prolongada 8 mg,http://vademecum.es/medicamento-jurnista_ficha_30127
971887,JUSTEGAS Granulado efervescente 1.871 mg/1.398 mg,http://vademecum.es/medicamento-justegas_19632
706533,JUSTEGAS Granulado efervescente 1.871 mg/1.398 mg,http://vademecum.es/medicamento-justegas_19632
