794305,NAAXIA Colirio en solución 38 mg/ml,http://vademecum.es/medicamento-naaxia_2651
692286,NACREZ Comp. recub. con película 75 mcg,http://vademecum.es/medicamento-nacrez_41739
692287,NACREZ Comp. recub. con película 75 mcg,http://vademecum.es/medicamento-nacrez_41739
896308,NADIXA Crema 1%,http://vademecum.es/medicamento-nadixa_25748
853424,NADONA Crema 2%,http://vademecum.es/medicamento-nadona_25196
654562,NAGLAZYME Concentrado para sol. para perfusión 1 mg/ml,http://vademecum.es/medicamento-naglazyme_29943
660364,"NALOXONA B. BRAUN Sol. iny. 0,4 mg/ml",http://vademecum.es/medicamento-naloxona+b.+braun_32084
660366,"NALOXONA B. BRAUN Sol. iny. 0,4 mg/ml",http://vademecum.es/medicamento-naloxona+b.+braun_32084
654774,"NALOXONE-KERN PHARMA Sol. iny. 0,4 mg/ml",http://vademecum.es/medicamento-naloxone-kern+pharma_2657
679763,NALTREXONA ACCORD Comp. recub. con película 50 mg,http://vademecum.es/medicamento-naltrexona+accord_37505
679764,NALTREXONA ACCORD Comp. recub. con película 50 mg,http://vademecum.es/medicamento-naltrexona+accord_37505
790931,NANI-PREDENTAL Gel 5 g/100 g,http://vademecum.es/medicamento-nani-predental_18322
699151,NANOCIS Equipo reactivos prepar. radiofarmacéutica 240 mcg,http://vademecum.es/medicamento-nanocis_42305
664166,NANOCOLL Equipo reactivos preparación radiofarmac. 500 mcg,http://vademecum.es/medicamento-nanocoll_33550
695599,NANOCOLOIDES DE ALBUMINA RADIOPHARMACY Equipo reactivos prepar. radiofarmacéutica 500 mcg,http://vademecum.es/medicamento-nanocoloides+de+albumina+radiopharmacy_42194
695600,NANOCOLOIDES DE ALBUMINA RADIOPHARMACY Equipo reactivos prepar. radiofarmacéutica 500 mcg,http://vademecum.es/medicamento-nanocoloides+de+albumina+radiopharmacy_42194
638916,NAPRILENE Comp. 20 mg,http://vademecum.es/medicamento-naprilene_2658
653578,NAPRILENE Comp. 20 mg,http://vademecum.es/medicamento-naprilene_2658
862615,NAPRILENE Comp. 5 mg,http://vademecum.es/medicamento-naprilene_2659
999930,NAPRILENE Comp. 5 mg,http://vademecum.es/medicamento-naprilene_2659
638908,NAPRILENE Comp. 5 mg,http://vademecum.es/medicamento-naprilene_2659
988881,NAPROSYN Comp. ranurado 500 mg,http://vademecum.es/medicamento-naprosyn_2660
698579,NAPROXENO ARISTO Comp. gastrorresistente 500 mg,http://vademecum.es/medicamento-naproxeno+aristo_42195
658405,NAPROXENO NORMON EFG Comp. 500 mg,http://vademecum.es/medicamento-naproxeno+normon+efg_30750
602370,NAPROXENO NORMON EFG Comp. 500 mg,http://vademecum.es/medicamento-naproxeno+normon+efg_30750
912204,NAPROXENO RATIOPHARM EFG Comp. recub. 500 mg,http://vademecum.es/medicamento-naproxeno+ratiopharm+efg_5252
649848,NAPROXENO RATIOPHARM EFG Comp. recub. 500 mg,http://vademecum.es/medicamento-naproxeno+ratiopharm+efg_5252
755330,NAPROXENO SODICO CINFA EFG Comp. recub. con película 550 mg,http://vademecum.es/medicamento-naproxeno+sodico+cinfa+efg_27621
755348,NAPROXENO SODICO CINFA EFG Comp. recub. con película 550 mg,http://vademecum.es/medicamento-naproxeno+sodico+cinfa+efg_27621
614545,NAPROXENO SODICO CINFA EFG Comp. recub. con película 550 mg,http://vademecum.es/medicamento-naproxeno+sodico+cinfa+efg_27621
755439,,http://vademecum.es/medicamento-naproxeno+sodico+cinfamed+efg_27622
755579,,http://vademecum.es/medicamento-naproxeno+sodico+cinfamed+efg_27622
614636,,http://vademecum.es/medicamento-naproxeno+sodico+cinfamed+efg_27622
664805,"NARAMIG Comp. recub. con película 2,5 mg",http://vademecum.es/medicamento-naramig_21237
664797,"NARAMIG Comp. recub. con película 2,5 mg",http://vademecum.es/medicamento-naramig_21237
685629,"NARATRIPTAN KERN PHARMA Comp. recub. con película 2,5 mg",http://vademecum.es/medicamento-naratriptan+kern+pharma_40486
685630,"NARATRIPTAN KERN PHARMA Comp. recub. con película 2,5 mg",http://vademecum.es/medicamento-naratriptan+kern+pharma_40486
685635,"NARATRIPTAN KERN PHARMA Comp. recub. con película 2,5 mg",http://vademecum.es/medicamento-naratriptan+kern+pharma_40486
685637,"NARATRIPTAN KERN PHARMA Comp. recub. con película 2,5 mg",http://vademecum.es/medicamento-naratriptan+kern+pharma_40486
771121,NARINE REPETABS Comp. recub. película lib. prolongada 5  mg/120 mg,http://vademecum.es/medicamento-narine+repetabs_2668
676569,,http://vademecum.es/medicamento-naropin+polyamp_4787
676627,,http://vademecum.es/medicamento-naropin+polyamp_4784
676585,,http://vademecum.es/medicamento-naropin+polyamp_4786
676502,,http://vademecum.es/medicamento-naropin+polybag_4790
676494,,http://vademecum.es/medicamento-naropin+polybag_4790
662379,NASACORT Susp. para pulv. nasal 55 mcg/dosis,http://vademecum.es/medicamento-nasacort_21238
799023,NASACORT Susp. para pulv. nasal 55 mcg/dosis,http://vademecum.es/medicamento-nasacort_21238
709756,NASOALDO Susp. para pulv. nasal 50 mcg,http://vademecum.es/medicamento-nasoaldo_44979
673046,"NASOLINA Sol. para pulv. nasal 0,05%",http://vademecum.es/medicamento-nasolina_20789
663526,NASONEX Susp. para pulv. nasal 50 µg/nebul.,http://vademecum.es/medicamento-nasonex_21077
718882,NATECAL Comp. masticable 1500 mg,http://vademecum.es/medicamento-natecal_4503
652214,NATECAL Comp. masticable 1500 mg,http://vademecum.es/medicamento-natecal_4503
673016,NATECAL D Comp. masticable 1500 mg/400 UI,http://vademecum.es/medicamento-natecal+d_21274
655997,NATECAL D FLAS Comp. bucodispersable 1500 mg/400 UI,http://vademecum.es/medicamento-natecal+d+flas_30126
660229,NATIFAR Comp. 200/400/2 mcg,http://vademecum.es/medicamento-natifar_31968
661051,NATIMED Comp.300/400/2 mcg,http://vademecum.es/medicamento-natimed_32508
701143,,http://vademecum.es/medicamento-natrixam_43563
701137,,http://vademecum.es/medicamento-natrixam_43564
791285,NATULAN Cáps. 50 mg,http://vademecum.es/medicamento-natulan_2673
791293,,http://vademecum.es/medicamento-natusan_18277
704666,"NAVELA Comp. 1,5 mg",http://vademecum.es/medicamento-navela_45582
843763,NAVELBINE Cáps. blanda 20 mg,http://vademecum.es/medicamento-navelbine_ficha_28035
843797,NAVELBINE Cáps. blanda 30 mg,http://vademecum.es/medicamento-navelbine_ficha_28036
669374,NAVELBINE Concentrado para sol. para perfusión 10 mg/ml,http://vademecum.es/medicamento-navelbine_ficha_2674
669382,NAVELBINE Concentrado para sol. para perfusión 50 mg/5 ml,http://vademecum.es/medicamento-navelbine_ficha_2675
924472,NAVICALM Comp. 25 mg,http://vademecum.es/medicamento-navicalm_20141
924506,NAVICALM Jarabe 5 mg,http://vademecum.es/medicamento-navicalm_20142
660894,NAVIXEN Comp. recub. con película 600 mg,http://vademecum.es/medicamento-navixen_23446
650543,"NAVIXEN PLUS Comp. recub. con película 600/12,5 mg",http://vademecum.es/medicamento-navixen+plus_28547
600059,"NAVIXEN PLUS Comp. recub. con película 600/12,5 mg",http://vademecum.es/medicamento-navixen+plus_28547
650544,"NAVIXEN PLUS Comp. recub. con película 600/12,5 mg",http://vademecum.es/medicamento-navixen+plus_28547
958678,,http://vademecum.es/medicamento-naxpa_2679
963389,NEATENOL DIU Comp. 100/5 mg,http://vademecum.es/medicamento-neatenol+diu_2683
681246,,http://vademecum.es/medicamento-nebicur_39616
928697,,http://vademecum.es/medicamento-nebilet_26773
664426,NEBIVOLOL APOTEX Comp. 5 mg,http://vademecum.es/medicamento-nebivolol+apotex_34888
679734,NEBIVOLOL CINFA Comp. 5 mg,http://vademecum.es/medicamento-nebivolol+cinfa_37506
665222,NEBIVOLOL EDIGEN Comp. 5 mg,http://vademecum.es/medicamento-nebivolol+edigen_35450
677635,,http://vademecum.es/medicamento-nebivolol+goibela_37507
681237,NEBIVOLOL KERN PHARMA Comp. 5 mg,http://vademecum.es/medicamento-nebivolol+kern+pharma_39617
664924,NEBIVOLOL MYLAN Comp. 5 mg,http://vademecum.es/medicamento-nebivolol+mylan_35174
662996,NEBIVOLOL NORMON Comp. 5 mg,http://vademecum.es/medicamento-nebivolol+normon_33519
663701,NEBIVOLOL PENSA Comp. 5 mg,http://vademecum.es/medicamento-nebivolol+pensa_34108
603443,NEBIVOLOL RATIO Comp. 5 mg,http://vademecum.es/medicamento-nebivolol+ratio_35815
665584,NEBIVOLOL RATIO Comp. 5 mg,http://vademecum.es/medicamento-nebivolol+ratio_35815
661198,NEBIVOLOL SANDOZ Comp. 5 mg,http://vademecum.es/medicamento-nebivolol+sandoz_32579
698386,NEBIVOLOL STADA Comp. 5 mg,http://vademecum.es/medicamento-nebivolol+stada_42044
669348,NEBIVOLOL TEVA Comp. 5 mg,http://vademecum.es/medicamento-nebivolol+teva_38142
667560,,http://vademecum.es/medicamento-nebivolol+viso+farmaceutica_45256
667572,NEBIVOLOL VISO FARMACEUTICA Comp. 5 mg,http://vademecum.es/medicamento-nebivolol+viso+farmaceutica_44980
661222,,http://vademecum.es/medicamento-nebivolol+zentiva_33046
655100,NEBLIK Cáps. para inhal. 12 mcg,http://vademecum.es/medicamento-neblik_21364
694637,,http://vademecum.es/medicamento-nebris_41909
791467,"NEBULICINA ADULTOS Sol. para pulv. nasal 0,05%",http://vademecum.es/medicamento-nebulicina+adultos_2689
680693,"NEHOLIS Tisana 1,5 g",http://vademecum.es/medicamento-neholis_37729
933788,"NEISVAC-C Susp. iny.0,5 ml",http://vademecum.es/medicamento-neisvac-c_25750
632141,"NEISVAC-C Susp. iny.0,5 ml",http://vademecum.es/medicamento-neisvac-c_25750
924555,NELORPIN Comp. recub. de liberación prolongada 600 mg,http://vademecum.es/medicamento-nelorpin_25751
791673,NEMACTIL Comp. 10 mg,http://vademecum.es/medicamento-nemactil_18030
791681,NEMACTIL Comp. 50 mg,http://vademecum.es/medicamento-nemactil_18538
680828,,http://vademecum.es/medicamento-nemactil_17948
698119,NEMDATINE Comp. recub. con película 10 mg,http://vademecum.es/medicamento-nemdatine_42045
698120,NEMDATINE Comp. recub. con película 20 mg,http://vademecum.es/medicamento-nemdatine_42046
670753,NEMEA Comp. 100 mg,http://vademecum.es/medicamento-nemea_36550
689838,NEMEA Comp. 200 mg,http://vademecum.es/medicamento-nemea_39766
689839,NEMEA Comp. 200 mg,http://vademecum.es/medicamento-nemea_39766
670750,NEMEA Comp. 25 mg,http://vademecum.es/medicamento-nemea_36551
700605,NEO TOMIZOL Comp. 5 mg,http://vademecum.es/medicamento-neo+tomizol_2715
749234,NEO TOMIZOL Comp. 5 mg,http://vademecum.es/medicamento-neo+tomizol_2715
669861,NEOBRUFEN Comp. de liberación prolongada 800 mg,http://vademecum.es/medicamento-neobrufen_23447
603036,NEOBRUFEN Comp. recub. con película 400 mg,http://vademecum.es/medicamento-neobrufen_32647
661406,NEOBRUFEN Comp. recub. con película 400 mg,http://vademecum.es/medicamento-neobrufen_32647
603037,NEOBRUFEN Comp. recub. con película 600 mg,http://vademecum.es/medicamento-neobrufen_32646
661407,NEOBRUFEN Comp. recub. con película 600 mg,http://vademecum.es/medicamento-neobrufen_32646
669960,NEOBRUFEN Granulado efervescente 600 mg,http://vademecum.es/medicamento-neobrufen_21012
673628,NEOBRUFEN Granulado efervescente 600 mg,http://vademecum.es/medicamento-neobrufen_21012
662207,NEOBRUFEN CON CODEINA Comp. recub. con película 400 mg/30 mg,http://vademecum.es/medicamento-neobrufen+con+codeina_33271
604479,NEOBRUFEN CON CODEINA Comp. recub. con película 400 mg/30 mg,http://vademecum.es/medicamento-neobrufen+con+codeina_33271
603151,NEOBRUFEN FAST (ARGININA) Granulado para sol. oral 600 mg,http://vademecum.es/medicamento-neobrufen+fast+%28arginina%29_33526
663042,NEOBRUFEN FAST (ARGININA) Granulado para sol. oral 600 mg,http://vademecum.es/medicamento-neobrufen+fast+%28arginina%29_33526
663043,NEOBRUFEN FAST (ARGININA) Granulado para sol. oral 600 mg,http://vademecum.es/medicamento-neobrufen+fast+%28arginina%29_33526
686436,"NEOCARE Crema 0,4%",http://vademecum.es/medicamento-neocare_18927
705848,,http://vademecum.es/medicamento-neoclarityn_25199
771204,,http://vademecum.es/medicamento-neoclarityn_26488
854927,NEOCONES COMPRIMIDOS PARA USO DENTAL Barra,http://vademecum.es/medicamento-neocones+comprimidos+para+uso+dental_18345
734186,NEODEXA LLORENS Colirio 1/5 mg/ml,http://vademecum.es/medicamento-neodexa+llorens_17725
792143,NEO-HUBBER Gotas,http://vademecum.es/medicamento-neo-hubber_2708
629089,NEOMICINA SALVAT Comp. 500 mg,http://vademecum.es/medicamento-neomicina+salvat_18187
700618,NEOMICINA SALVAT Comp. 500 mg,http://vademecum.es/medicamento-neomicina+salvat_18187
672019,NEOMICINA SALVAT Comp. 500 mg,http://vademecum.es/medicamento-neomicina+salvat_18187
667444,,http://vademecum.es/medicamento-neorecormon_4961
667436,,http://vademecum.es/medicamento-neorecormon_4961
667428,,http://vademecum.es/medicamento-neorecormon_4961
660100,,http://vademecum.es/medicamento-neorecormon+jeringas+precargadas_21559
660027,"NEORECORMON JERINGAS PRECARGADAS Sol. iny. 10.000 UI/0,6 ml",http://vademecum.es/medicamento-neorecormon+jeringas+precargadas_21556
660084,"NEORECORMON JERINGAS PRECARGADAS Sol. iny. 2.000 UI/0,3 ml",http://vademecum.es/medicamento-neorecormon+jeringas+precargadas_21558
660001,,http://vademecum.es/medicamento-neorecormon+jeringas+precargadas_21554
660068,"NEORECORMON JERINGAS PRECARGADAS Sol. iny. 3.000 UI/0,3 ml",http://vademecum.es/medicamento-neorecormon+jeringas+precargadas_21557
828293,NEORECORMON JERINGAS PRECARGADAS Sol. iny. 30.000 UI,http://vademecum.es/medicamento-neorecormon+jeringas+precargadas_27844
863423,"NEORECORMON JERINGAS PRECARGADAS Sol. iny. 4.000 UI/0,3 ml",http://vademecum.es/medicamento-neorecormon+jeringas+precargadas_23153
660043,"NEORECORMON JERINGAS PRECARGADAS Sol. iny. 5.000 UI/0,3 ml",http://vademecum.es/medicamento-neorecormon+jeringas+precargadas_21555
660126,"NEORECORMON JERINGAS PRECARGADAS Sol. iny. 500 UI/0,3 ml",http://vademecum.es/medicamento-neorecormon+jeringas+precargadas_21560
868620,"NEORECORMON JERINGAS PRECARGADAS Sol. iny. 6000 UI/0,3 ml",http://vademecum.es/medicamento-neorecormon+jeringas+precargadas_25509
667253,,http://vademecum.es/medicamento-neorecormon+multidosis_4967
667261,NEORECORMON MULTIDOSIS Vial liof. 50.000 UI,http://vademecum.es/medicamento-neorecormon+multidosis_4966
667246,,http://vademecum.es/medicamento-neorecormon+para+reco-pen_4968
667238,,http://vademecum.es/medicamento-neorecormon+para+reco-pen_4968
667220,,http://vademecum.es/medicamento-neorecormon+para+reco-pen_4969
667212,,http://vademecum.es/medicamento-neorecormon+para+reco-pen_4969
673061,NEOSAYOMOL Crema 20 mg/g,http://vademecum.es/medicamento-neosayomol_20787
636142,"NEOSTIGMINA BRAUN Amp. 0,5 mg/ml",http://vademecum.es/medicamento-neostigmina+braun_17674
793406,"NEOSTIGMINA BRAUN Amp. 0,5 mg/ml",http://vademecum.es/medicamento-neostigmina+braun_17674
651976,"NEOSTIGMINA BRAUN Amp. 0,5 mg/ml",http://vademecum.es/medicamento-neostigmina+braun_17674
692616,NEOTIGASON Cáps. 10 mg,http://vademecum.es/medicamento-neotigason_2731
692624,NEOTIGASON Cáps. 25 mg,http://vademecum.es/medicamento-neotigason_2732
711319,NEPARVIS Comp. recub. con película 24 mg/26 mg,http://vademecum.es/medicamento-neparvis_45257
711320,NEPARVIS Comp. recub. con película 49 mg/51 mg,http://vademecum.es/medicamento-neparvis_45258
711321,NEPARVIS Comp. recub. con película 97 mg/103 mg,http://vademecum.es/medicamento-neparvis_45259
965285,NEPHRAMINE IV Sol. para perfusión,http://vademecum.es/medicamento-nephramine+iv_19455
660232,NEPHROMAG 200 mcg Equipo reactivos preparación radiofarmac. 200 mcg,http://vademecum.es/medicamento-nephromag+200+mcg_31981
660234,NEPHROMAG 200 mcg Equipo reactivos preparación radiofarmac. 200 mcg,http://vademecum.es/medicamento-nephromag+200+mcg_31981
652120,NEPHROTECT Sol. para perfusión,http://vademecum.es/medicamento-nephrotect_29465
652119,NEPHROTECT Sol. para perfusión,http://vademecum.es/medicamento-nephrotect_29465
600303,NEPHROTECT Sol. para perfusión,http://vademecum.es/medicamento-nephrotect_29465
600306,NEPHROTECT Sol. para perfusión,http://vademecum.es/medicamento-nephrotect_29465
989269,,http://vademecum.es/medicamento-nerdipina_2734
999003,,http://vademecum.es/medicamento-nerdipina_2734
641480,,http://vademecum.es/medicamento-nerdipina_2734
960500,NERDIPINA Comp. recub. 20 mg,http://vademecum.es/medicamento-nerdipina_2735
972869,NERDIPINA Comp. recub. 20 mg,http://vademecum.es/medicamento-nerdipina_2735
609701,NERDIPINA Comp. recub. 20 mg,http://vademecum.es/medicamento-nerdipina_2735
681197,NERDIPINA RETARD Cáps. dura de liberación prolongada 40 mg,http://vademecum.es/medicamento-nerdipina+retard_4708
648352,NERDIPINA RETARD Cáps. dura de liberación prolongada 40 mg,http://vademecum.es/medicamento-nerdipina+retard_4708
995845,NERGADAN Comp. 20 mg,http://vademecum.es/medicamento-nergadan_2737
639997,NERGADAN Comp. 20 mg,http://vademecum.es/medicamento-nergadan_2737
691964,,http://vademecum.es/medicamento-nergadan_2738
645325,,http://vademecum.es/medicamento-nergadan_2738
814129,NERVIKAN Comp. recub. 160/80 mg,http://vademecum.es/medicamento-nervikan_ficha_22312
786111,NERVINEX Comp. 125 mg,http://vademecum.es/medicamento-nervinex_ficha_26489
955161,,http://vademecum.es/medicamento-nervobion_2741
650200,NERVOBION 5000 Sol. iny. 100/100/5 mg,http://vademecum.es/medicamento-nervobion+5000_2740
650192,NERVOBION 5000 Sol. iny. 100/100/5 mg,http://vademecum.es/medicamento-nervobion+5000_2740
691712,,http://vademecum.es/medicamento-netisum_40008
833095,NEULASTA Sol. iny. 6 mg en jeringa prec,http://vademecum.es/medicamento-neulasta_26595
664095,NEULASTA Sol. iny. 6 mg en jeringa prec,http://vademecum.es/medicamento-neulasta_26595
833095,NEULASTA Sol. iny. 6 mg en jeringa prec,http://vademecum.es/medicamento-neulasta_26595
664095,NEULASTA Sol. iny. 6 mg en jeringa prec,http://vademecum.es/medicamento-neulasta_26595
652733,,http://vademecum.es/medicamento-neulasta_29833
998427,"NEUPOGEN Sol. iny. 30 MU/0,5 ml",http://vademecum.es/medicamento-neupogen_25752
998443,"NEUPOGEN Sol. iny. 30 MU/0,5 ml",http://vademecum.es/medicamento-neupogen_25752
845826,NEUPOGEN Sol. iny. 30 MU/ml,http://vademecum.es/medicamento-neupogen_2748
867465,"NEUPOGEN 48 MU Sol. iny. 48 MU/0,5 ml",http://vademecum.es/medicamento-neupogen+48+mu_25753
886077,"NEUPOGEN 48 MU Sol. iny. 48 MU/0,5 ml",http://vademecum.es/medicamento-neupogen+48+mu_25753
661537,NEUPRO Parche transdérmico 1 mg/24 h,http://vademecum.es/medicamento-neupro_33461
653942,NEUPRO Parche transdérmico 2 mg- 4 mg - 6 mg- 8 mg/24 h,http://vademecum.es/medicamento-neupro_29944
653934,NEUPRO Parche transdérmico 2 mg/24 h,http://vademecum.es/medicamento-neupro_30189
653935,NEUPRO Parche transdérmico 2 mg/24 h,http://vademecum.es/medicamento-neupro_30189
653934,NEUPRO Parche transdérmico 2 mg/24 h,http://vademecum.es/medicamento-neupro_30189
653935,NEUPRO Parche transdérmico 2 mg/24 h,http://vademecum.es/medicamento-neupro_30189
661539,NEUPRO Parche transdérmico 3 mg/24 h,http://vademecum.es/medicamento-neupro_32980
653937,NEUPRO Parche transdérmico 4 mg/24 h,http://vademecum.es/medicamento-neupro_30190
653939,NEUPRO Parche transdérmico 6 mg/24 h,http://vademecum.es/medicamento-neupro_30191
653941,NEUPRO Parche transdérmico 8 mg/24 h,http://vademecum.es/medicamento-neupro_30192
703109,NEURACEQ Sol. iny. 300 mbq/ml,http://vademecum.es/medicamento-neuraceq_43880
656562,NEURAPAS Comp. recub.,http://vademecum.es/medicamento-neurapas_31573
659563,NEURAPAS Comp. recub.,http://vademecum.es/medicamento-neurapas_31573
656280,NEUROBLOC Sol. iny. 5000 U/ml,http://vademecum.es/medicamento-neurobloc_25201
656348,NEUROBLOC Sol. iny. 5000 U/ml,http://vademecum.es/medicamento-neurobloc_25201
656413,NEUROBLOC Sol. iny. 5000 U/ml,http://vademecum.es/medicamento-neurobloc_25201
656280,NEUROBLOC Sol. iny. 5000 U/ml,http://vademecum.es/medicamento-neurobloc_25201
656348,NEUROBLOC Sol. iny. 5000 U/ml,http://vademecum.es/medicamento-neurobloc_25201
656413,NEUROBLOC Sol. iny. 5000 U/ml,http://vademecum.es/medicamento-neurobloc_25201
682625,NEUROLITE Polvo y disolv. solución iny. 900 mcg,http://vademecum.es/medicamento-neurolite_20668
651422,NEUROMADE Cáps. dura 50/50/1 mg,http://vademecum.es/medicamento-neuromade_2753
709860,NEUROMIOL Comp. 1 mg,http://vademecum.es/medicamento-neuromiol_44823
687558,NEURONTIN Cáps. dura 300 mg,http://vademecum.es/medicamento-neurontin_2756
832931,NEURONTIN Cáps. dura 300 mg,http://vademecum.es/medicamento-neurontin_2756
625483,NEURONTIN Cáps. dura 300 mg,http://vademecum.es/medicamento-neurontin_2756
687541,NEURONTIN Cáps. dura 400 mg,http://vademecum.es/medicamento-neurontin_2757
832550,NEURONTIN Cáps. dura 400 mg,http://vademecum.es/medicamento-neurontin_2757
632802,NEURONTIN Cáps. dura 400 mg,http://vademecum.es/medicamento-neurontin_2757
884718,NEURONTIN Comp. recub. con película 600 mg,http://vademecum.es/medicamento-neurontin_22606
624684,NEURONTIN Comp. recub. con película 600 mg,http://vademecum.es/medicamento-neurontin_22606
884676,NEURONTIN Comp. recub. con película 800 mg,http://vademecum.es/medicamento-neurontin_22607
628750,NEURONTIN Comp. recub. con película 800 mg,http://vademecum.es/medicamento-neurontin_22607
688045,NEVANAC Colirio en suspensión 1 mg/ml,http://vademecum.es/medicamento-nevanac_ficha_39253
698853,NEVANAC Colirio en suspensión 3 mg/ml,http://vademecum.es/medicamento-nevanac_ficha_42306
697189,NEVIPARINA SANDOZ Comp. 200 mg,http://vademecum.es/medicamento-neviparina+sandoz_41740
689270,NEVIRAPINA ACCORD Comp. 200 mg,http://vademecum.es/medicamento-nevirapina+accord_39618
697590,,http://vademecum.es/medicamento-nevirapina+actavis_42307
697591,,http://vademecum.es/medicamento-nevirapina+actavis_42307
606231,,http://vademecum.es/medicamento-nevirapina+actavis_42307
695922,NEVIRAPINA AUROBINDO Comp. 200 mg,http://vademecum.es/medicamento-nevirapina+aurobindo_42936
681336,NEVIRAPINA KERN PHARMA Comp. 200 mg,http://vademecum.es/medicamento-nevirapina+kern+pharma_37887
606344,NEVIRAPINA KERN PHARMA Comp. 200 mg,http://vademecum.es/medicamento-nevirapina+kern+pharma_37887
701098,NEVIRAPINA KERN PHARMA Comp. 200 mg,http://vademecum.es/medicamento-nevirapina+kern+pharma_37887
687690,NEVIRAPINA MYLAN EFG Comp. 200 mg,http://vademecum.es/medicamento-nevirapina+mylan+efg_39254
695149,NEVIRAPINA NORMON Comp. 200 mg,http://vademecum.es/medicamento-nevirapina+normon_41053
606001,NEVIRAPINA NORMON Comp. 200 mg,http://vademecum.es/medicamento-nevirapina+normon_41053
606002,,http://vademecum.es/medicamento-nevirapina+panluetol_40992
695269,,http://vademecum.es/medicamento-nevirapina+panluetol_40992
694449,NEVIRAPINA TEVA Comp. 200 mg,http://vademecum.es/medicamento-nevirapina+teva_40888
712235,NEVIRAPINA TEVA Comp. de liberación prolongada 400 mg,http://vademecum.es/medicamento-nevirapina+teva_45174
656938,NEXAVAR Comp. recub. con película 200 mg,http://vademecum.es/medicamento-nexavar_30081
661321,NEXIUM Granulado gastrorresistente para susp. oral 10 mg,http://vademecum.es/medicamento-nexium_32635
640649,NEXIUM Polvo para sol. iny. y para perfusión 40 mg,http://vademecum.es/medicamento-nexium_27800
935270,NEXIUM MUPS Comp. gastrorresistente 20 mg,http://vademecum.es/medicamento-nexium+mups_23150
606217,NEXIUM MUPS Comp. gastrorresistente 20 mg,http://vademecum.es/medicamento-nexium+mups_23150
935353,NEXIUM MUPS Comp. gastrorresistente 40 mg,http://vademecum.es/medicamento-nexium+mups_23151
606216,NEXIUM MUPS Comp. gastrorresistente 40 mg,http://vademecum.es/medicamento-nexium+mups_23151
702984,NEXOBRID Polvo y gel para gel 2 g,http://vademecum.es/medicamento-nexobrid_43809
703505,NEXOBRID Polvo y gel para gel 5 g,http://vademecum.es/medicamento-nexobrid_43940
990879,,http://vademecum.es/medicamento-nicardipino+ratiopharm_2761
742874,,http://vademecum.es/medicamento-nicardipino+ratiopharm_2761
895508,NICO HEPATOCYN Comp. recub.,http://vademecum.es/medicamento-nico+hepatocyn_17192
794560,NICO HEPATOCYN Comp. recub.,http://vademecum.es/medicamento-nico+hepatocyn_17192
698949,NICOKERN Chicle medicamentoso sabor menta 2 mg,http://vademecum.es/medicamento-nicokern_43567
698964,NICOKERN Chicle medicamentoso sabor menta 2 mg,http://vademecum.es/medicamento-nicokern_43567
698981,NICOKERN Chicle medicamentoso sabor menta 4 mg,http://vademecum.es/medicamento-nicokern_43568
698997,NICOKERN Chicle medicamentoso sabor menta 4 mg,http://vademecum.es/medicamento-nicokern_43568
702845,NICORETTE Chicle medicamentoso 2 mg,http://vademecum.es/medicamento-nicorette_19547
975342,NICORETTE Chicle medicamentoso 2 mg,http://vademecum.es/medicamento-nicorette_19547
656457,NICORETTE Chicle medicamentoso 2 mg,http://vademecum.es/medicamento-nicorette_19547
656460,NICORETTE Chicle medicamentoso 4 mg,http://vademecum.es/medicamento-nicorette_19630
652289,NICORETTE Chicle medicamentoso 4 mg,http://vademecum.es/medicamento-nicorette_19630
979187,NICORETTE Chicle medicamentoso 4 mg,http://vademecum.es/medicamento-nicorette_19630
693275,,http://vademecum.es/medicamento-nicorette+10_2772
693267,,http://vademecum.es/medicamento-nicorette+10_2772
693317,,http://vademecum.es/medicamento-nicorette+15_2773
693309,,http://vademecum.es/medicamento-nicorette+15_2773
693283,,http://vademecum.es/medicamento-nicorette+5_2774
693291,,http://vademecum.es/medicamento-nicorette+5_2774
692114,NICORETTE BUCOMIST Sol. para pulv. local 1 mg/pulsación,http://vademecum.es/medicamento-nicorette+bucomist_42047
692113,NICORETTE BUCOMIST Sol. para pulv. local 1 mg/pulsación,http://vademecum.es/medicamento-nicorette+bucomist_42047
689438,NICORETTE CLEAR Parche transdérmico 10 mg/16 h,http://vademecum.es/medicamento-nicorette+clear_39619
689439,NICORETTE CLEAR Parche transdérmico 10 mg/16 h,http://vademecum.es/medicamento-nicorette+clear_39619
689440,NICORETTE CLEAR Parche transdérmico 15 mg/16 h,http://vademecum.es/medicamento-nicorette+clear_39620
689441,NICORETTE CLEAR Parche transdérmico 15 mg/16 h,http://vademecum.es/medicamento-nicorette+clear_39620
656461,NICORETTE FRESHFRUIT Chicle medicamentoso 2 mg,http://vademecum.es/medicamento-nicorette+freshfruit_29988
654598,NICORETTE FRESHFRUIT Chicle medicamentoso 2 mg,http://vademecum.es/medicamento-nicorette+freshfruit_29988
654599,NICORETTE FRESHFRUIT Chicle medicamentoso 2 mg,http://vademecum.es/medicamento-nicorette+freshfruit_29988
654494,,http://vademecum.es/medicamento-nicorette+freshmint_30369
654495,,http://vademecum.es/medicamento-nicorette+freshmint_30369
656464,,http://vademecum.es/medicamento-nicorette+freshmint_30369
654490,,http://vademecum.es/medicamento-nicorette+freshmint_30368
654493,,http://vademecum.es/medicamento-nicorette+freshmint_30368
656458,,http://vademecum.es/medicamento-nicorette+freshmint_30368
665669,NICORETTE ICE MINT Chicle medicamentoso 2 mg,http://vademecum.es/medicamento-nicorette+ice+mint_35816
665667,NICORETTE ICE MINT Chicle medicamentoso 2 mg,http://vademecum.es/medicamento-nicorette+ice+mint_35816
665668,NICORETTE ICE MINT Chicle medicamentoso 2 mg,http://vademecum.es/medicamento-nicorette+ice+mint_35816
665672,NICORETTE ICE MINT Chicle medicamentoso 4 mg,http://vademecum.es/medicamento-nicorette+ice+mint_35817
665670,NICORETTE ICE MINT Chicle medicamentoso 4 mg,http://vademecum.es/medicamento-nicorette+ice+mint_35817
665671,NICORETTE ICE MINT Chicle medicamentoso 4 mg,http://vademecum.es/medicamento-nicorette+ice+mint_35817
690372,NICORETTE SUPERMINT Comp. para chupar 2 mg,http://vademecum.es/medicamento-nicorette+supermint_39843
690374,NICORETTE SUPERMINT Comp. para chupar 2 mg,http://vademecum.es/medicamento-nicorette+supermint_39843
690373,NICORETTE SUPERMINT Comp. para chupar 2 mg,http://vademecum.es/medicamento-nicorette+supermint_39843
690367,NICORETTE SUPERMINT Comp. para chupar 4 mg,http://vademecum.es/medicamento-nicorette+supermint_39844
690369,NICORETTE SUPERMINT Comp. para chupar 4 mg,http://vademecum.es/medicamento-nicorette+supermint_39844
690368,NICORETTE SUPERMINT Comp. para chupar 4 mg,http://vademecum.es/medicamento-nicorette+supermint_39844
698884,,http://vademecum.es/medicamento-nicotina+teva_43565
698900,,http://vademecum.es/medicamento-nicotina+teva_43565
698917,,http://vademecum.es/medicamento-nicotina+teva_43566
698932,,http://vademecum.es/medicamento-nicotina+teva_43566
662900,,http://vademecum.es/medicamento-nicotinell_27845
814285,,http://vademecum.es/medicamento-nicotinell_27845
814442,,http://vademecum.es/medicamento-nicotinell_27845
696124,,http://vademecum.es/medicamento-nicotinell_27845
658199,NICOTINELL Parche transdérmico 14 mg/24 h,http://vademecum.es/medicamento-nicotinell_30633
658197,NICOTINELL Parche transdérmico 14 mg/24 h,http://vademecum.es/medicamento-nicotinell_30633
658198,NICOTINELL Parche transdérmico 14 mg/24 h,http://vademecum.es/medicamento-nicotinell_30633
658200,NICOTINELL Parche transdérmico 14 mg/24 h,http://vademecum.es/medicamento-nicotinell_30633
658209,NICOTINELL Parche transdérmico 21 mg/24 h,http://vademecum.es/medicamento-nicotinell_30634
658207,NICOTINELL Parche transdérmico 21 mg/24 h,http://vademecum.es/medicamento-nicotinell_30634
658208,NICOTINELL Parche transdérmico 21 mg/24 h,http://vademecum.es/medicamento-nicotinell_30634
658210,NICOTINELL Parche transdérmico 21 mg/24 h,http://vademecum.es/medicamento-nicotinell_30634
658202,NICOTINELL Parche transdérmico 7 mg/24 h,http://vademecum.es/medicamento-nicotinell_30635
658205,NICOTINELL Parche transdérmico 7 mg/24 h,http://vademecum.es/medicamento-nicotinell_30635
658204,NICOTINELL Parche transdérmico 7 mg/24 h,http://vademecum.es/medicamento-nicotinell_30635
658206,NICOTINELL Parche transdérmico 7 mg/24 h,http://vademecum.es/medicamento-nicotinell_30635
739896,NICOTINELL COOL MINT Chicle medicamentoso 2 mg,http://vademecum.es/medicamento-nicotinell+cool+mint_27624
739904,NICOTINELL COOL MINT Chicle medicamentoso 2 mg,http://vademecum.es/medicamento-nicotinell+cool+mint_27624
696123,NICOTINELL COOL MINT Chicle medicamentoso 2 mg,http://vademecum.es/medicamento-nicotinell+cool+mint_27624
714600,NICOTINELL COOL MINT Chicle medicamentoso 4 mg,http://vademecum.es/medicamento-nicotinell+cool+mint_27394
714766,NICOTINELL COOL MINT Chicle medicamentoso 4 mg,http://vademecum.es/medicamento-nicotinell+cool+mint_27394
696122,NICOTINELL FRUIT Chicle medicamentoso 2 mg,http://vademecum.es/medicamento-nicotinell+fruit_27393
715367,NICOTINELL FRUIT Chicle medicamentoso 2 mg,http://vademecum.es/medicamento-nicotinell+fruit_27393
715425,NICOTINELL FRUIT Chicle medicamentoso 2 mg,http://vademecum.es/medicamento-nicotinell+fruit_27393
715318,NICOTINELL FRUIT Chicle medicamentoso 4 mg,http://vademecum.es/medicamento-nicotinell+fruit_27456
715326,NICOTINELL FRUIT Chicle medicamentoso 4 mg,http://vademecum.es/medicamento-nicotinell+fruit_27456
874214,NICOTINELL MINT Comp. para chupar  1 mg,http://vademecum.es/medicamento-nicotinell+mint_25203
874321,NICOTINELL MINT Comp. para chupar  1 mg,http://vademecum.es/medicamento-nicotinell+mint_25203
603287,NICOTINELL MINT Comp. para chupar  1 mg,http://vademecum.es/medicamento-nicotinell+mint_25203
664357,NICOTINELL MINT Comp. para chupar  1 mg,http://vademecum.es/medicamento-nicotinell+mint_25203
874255,NICOTINELL MINT Comp. para chupar  1 mg,http://vademecum.es/medicamento-nicotinell+mint_25203
829572,NICOTINELL MINT Comp. para chupar 2 mg,http://vademecum.es/medicamento-nicotinell+mint_27623
603288,NICOTINELL MINT Comp. para chupar 2 mg,http://vademecum.es/medicamento-nicotinell+mint_27623
664358,NICOTINELL MINT Comp. para chupar 2 mg,http://vademecum.es/medicamento-nicotinell+mint_27623
829895,NICOTINELL MINT Comp. para chupar 2 mg,http://vademecum.es/medicamento-nicotinell+mint_27623
829903,NICOTINELL MINT Comp. para chupar 2 mg,http://vademecum.es/medicamento-nicotinell+mint_27623
662206,,http://vademecum.es/medicamento-nidol_33275
665901,NIFEDIPINO RETARD STADA EFG Comp. de liberación modificada 20 mg,http://vademecum.es/medicamento-nifedipino+retard+stada+efg_20954
649756,NIFEDIPINO RETARD STADA EFG Comp. de liberación modificada 20 mg,http://vademecum.es/medicamento-nifedipino+retard+stada+efg_20954
700446,NIFE-PAR Sol. oral 5 mg/ml,http://vademecum.es/medicamento-nife-par_42838
673541,NIFLACTOL Cáps. 250 mg,http://vademecum.es/medicamento-niflactol_43
677781,NIMBEX Sol. iny. 2 mg/ml,http://vademecum.es/medicamento-nimbex_4779
677773,NIMBEX Sol. iny. 2 mg/ml,http://vademecum.es/medicamento-nimbex_4779
677765,NIMBEX Sol. iny. 2 mg/ml,http://vademecum.es/medicamento-nimbex_4779
677799,NIMBEX Sol. iny. 5 mg/ml,http://vademecum.es/medicamento-nimbex_26491
690375,NIMENRIX Polvo y disolv. para sol. iny.,http://vademecum.es/medicamento-nimenrix_39845
605879,NIMENRIX Polvo y disolv. para sol. iny.,http://vademecum.es/medicamento-nimenrix_39845
652134,"NIMODIPINO GES EFG Sol. para perfusión 0,2 mg/ml",http://vademecum.es/medicamento-nimodipino+ges+efg_29155
600307,"NIMODIPINO GES EFG Sol. para perfusión 0,2 mg/ml",http://vademecum.es/medicamento-nimodipino+ges+efg_29155
994152,NIMODIPINO REMONTAL Comp. recub. con película 30 mg,http://vademecum.es/medicamento-nimodipino+remontal_3386
994160,NIMODIPINO REMONTAL Comp. recub. con película 30 mg,http://vademecum.es/medicamento-nimodipino+remontal_3386
642009,NIMODIPINO REMONTAL Comp. recub. con película 30 mg,http://vademecum.es/medicamento-nimodipino+remontal_3386
762443,NIMODIPINO STADA EFG Comp. recub. con película 30 mg,http://vademecum.es/medicamento-nimodipino+stada+efg_26604
787507,NIMODIPINO STADA EFG Comp. recub. con película 30 mg,http://vademecum.es/medicamento-nimodipino+stada+efg_26604
607416,NIMODIPINO STADA EFG Comp. recub. con película 30 mg,http://vademecum.es/medicamento-nimodipino+stada+efg_26604
658203,NIMOTOP Comp. recub. con película 30 mg,http://vademecum.es/medicamento-nimotop_2781
638197,NIMOTOP Comp. recub. con película 30 mg,http://vademecum.es/medicamento-nimotop_2781
672065,NIMOTOP Comp. recub. con película 30 mg,http://vademecum.es/medicamento-nimotop_2781
641969,"NIMOTOP IV Sol. para perfusión 0,2 mg/ml",http://vademecum.es/medicamento-nimotop+iv_4659
983759,"NIMOTOP IV Sol. para perfusión 0,2 mg/ml",http://vademecum.es/medicamento-nimotop+iv_4659
706786,,http://vademecum.es/medicamento-nimvastid_44486
706787,,http://vademecum.es/medicamento-nimvastid_44487
706790,,http://vademecum.es/medicamento-nimvastid_44488
706791,,http://vademecum.es/medicamento-nimvastid_44489
710764,NIPENT Polvo para sol. iny. o para perfusión10 mg,http://vademecum.es/medicamento-nipent_2782
688996,,http://vademecum.es/medicamento-niquitin_42390
688997,,http://vademecum.es/medicamento-niquitin_42390
688998,,http://vademecum.es/medicamento-niquitin_42391
688999,,http://vademecum.es/medicamento-niquitin_42391
669785,"NIQUITIN Comp. para chupar sabor menta 1,5 mg",http://vademecum.es/medicamento-niquitin_39256
687891,"NIQUITIN Comp. para chupar sabor menta 1,5 mg",http://vademecum.es/medicamento-niquitin_39256
669786,NIQUITIN Comp. para chupar sabor menta 4 mg,http://vademecum.es/medicamento-niquitin_39255
687898,NIQUITIN Comp. para chupar sabor menta 4 mg,http://vademecum.es/medicamento-niquitin_39255
795054,NIQUITIN CLEAR Parche transdérmico 14 mg/24 h,http://vademecum.es/medicamento-niquitin+clear_27847
794735,NIQUITIN CLEAR Parche transdérmico 14 mg/24 h,http://vademecum.es/medicamento-niquitin+clear_27847
799460,NIQUITIN CLEAR Parche transdérmico 21 mg/24 h,http://vademecum.es/medicamento-niquitin+clear_27848
795070,NIQUITIN CLEAR Parche transdérmico 21 mg/24 h,http://vademecum.es/medicamento-niquitin+clear_27848
794727,NIQUITIN CLEAR Parche transdérmico 7 mg/24 h,http://vademecum.es/medicamento-niquitin+clear_27849
794636,NIQUITIN CLEAR Parche transdérmico 7 mg/24 h,http://vademecum.es/medicamento-niquitin+clear_27849
656095,NITIGRAF EFG Sol. iny. 240 mg/ml,http://vademecum.es/medicamento-nitigraf+efg_30408
656096,NITIGRAF EFG Sol. iny. 300 mg/ml,http://vademecum.es/medicamento-nitigraf+efg_30409
656097,NITIGRAF EFG Sol. iny. 300 mg/ml,http://vademecum.es/medicamento-nitigraf+efg_30409
656098,NITIGRAF EFG Sol. iny. 300 mg/ml,http://vademecum.es/medicamento-nitigraf+efg_30409
656099,NITIGRAF EFG Sol. iny. 350 mg/ml,http://vademecum.es/medicamento-nitigraf+efg_30410
656100,NITIGRAF EFG Sol. iny. 350 mg/ml,http://vademecum.es/medicamento-nitigraf+efg_30410
661614,NITOMAN Comp. 25 mg,http://vademecum.es/medicamento-nitoman_32757
994202,,http://vademecum.es/medicamento-nitrendipino+ratiopharm_2786
643957,,http://vademecum.es/medicamento-nitrendipino+ratiopharm_2786
663955,NITRENDIPINO STADA EFG Comp. ranurado 20 mg,http://vademecum.es/medicamento-nitrendipino+stada+efg_19944
872382,,http://vademecum.es/medicamento-nitroderm+matrix+10+mg%2F24+h_22772
872374,,http://vademecum.es/medicamento-nitroderm+matrix+10+mg%2F24+h_22772
872408,,http://vademecum.es/medicamento-nitroderm+matrix+15+mg%2F24+h_22773
872614,,http://vademecum.es/medicamento-nitroderm+matrix+15+mg%2F24+h_22773
872366,,http://vademecum.es/medicamento-nitroderm+matrix+5+mg%2F24+h_22774
872358,,http://vademecum.es/medicamento-nitroderm+matrix+5+mg%2F24+h_22774
974261,NITRODERM TTS 10 Parche transdérmico 50 mg,http://vademecum.es/medicamento-nitroderm+tts+10_2790
974279,NITRODERM TTS 10 Parche transdérmico 50 mg,http://vademecum.es/medicamento-nitroderm+tts+10_2790
673228,NITRODERM TTS 15 Parche transdérmico 75 mg,http://vademecum.es/medicamento-nitroderm+tts+15_5244
974246,NITRODERM TTS 5 Parche transdérmico 25 mg,http://vademecum.es/medicamento-nitroderm+tts+5_2791
974253,NITRODERM TTS 5 Parche transdérmico 25 mg,http://vademecum.es/medicamento-nitroderm+tts+5_2791
979302,NITRO-DUR 10 Parche transdérmico 10 mg/24 h,http://vademecum.es/medicamento-nitro-dur+10_2787
696815,NITRO-DUR 15 Parche transdérmico 15 mg/24 h,http://vademecum.es/medicamento-nitro-dur+15_2788
979328,NITRO-DUR 5 Parche transdérmico 5 mg/24 h,http://vademecum.es/medicamento-nitro-dur+5_2789
663677,NITROFIX Parche transdérmico 10 mg,http://vademecum.es/medicamento-nitrofix_34054
653064,NITROFIX Parche transdérmico 10 mg,http://vademecum.es/medicamento-nitrofix_34054
663675,NITROFIX Parche transdérmico 15 mg,http://vademecum.es/medicamento-nitrofix_34052
653056,NITROFIX Parche transdérmico 15 mg,http://vademecum.es/medicamento-nitrofix_34052
663672,NITROFIX Parche transdérmico 5 mg,http://vademecum.es/medicamento-nitrofix_34053
653049,NITROFIX Parche transdérmico 5 mg,http://vademecum.es/medicamento-nitrofix_34053
698846,,http://vademecum.es/medicamento-nitroglicerina+mylan_42839
700967,,http://vademecum.es/medicamento-nitroglicerina+mylan_42839
698850,,http://vademecum.es/medicamento-nitroglicerina+mylan_42840
700969,,http://vademecum.es/medicamento-nitroglicerina+mylan_42840
698842,,http://vademecum.es/medicamento-nitroglicerina+mylan_42841
700434,,http://vademecum.es/medicamento-nitroglicerina+mylan_42841
992826,NITROPLAST 10 Parche transdérmico 10,http://vademecum.es/medicamento-nitroplast+10_2793
992834,NITROPLAST 10 Parche transdérmico 10,http://vademecum.es/medicamento-nitroplast+10_2793
649582,NITROPLAST 10 Parche transdérmico 10,http://vademecum.es/medicamento-nitroplast+10_2793
656397,NITROPLAST 15 Parche transdérmico 15,http://vademecum.es/medicamento-nitroplast+15_21332
656389,NITROPLAST 15 Parche transdérmico 15,http://vademecum.es/medicamento-nitroplast+15_21332
601880,NITROPLAST 15 Parche transdérmico 15,http://vademecum.es/medicamento-nitroplast+15_21332
992842,NITROPLAST 5 Parche transdérmico 5,http://vademecum.es/medicamento-nitroplast+5_2792
992859,NITROPLAST 5 Parche transdérmico 5,http://vademecum.es/medicamento-nitroplast+5_2792
649590,NITROPLAST 5 Parche transdérmico 5,http://vademecum.es/medicamento-nitroplast+5_2792
936732,NITROPRUSSIAT FIDES Iny. 50 mg,http://vademecum.es/medicamento-nitroprussiat+fides_19107
660898,NIULIVA Sol. para perfusión 250 UI/ml,http://vademecum.es/medicamento-niuliva_32372
660899,NIULIVA Sol. para perfusión 250 UI/ml,http://vademecum.es/medicamento-niuliva_32372
660900,NIULIVA Sol. para perfusión 250 UI/ml,http://vademecum.es/medicamento-niuliva_32372
660901,NIULIVA Sol. para perfusión 250 UI/ml,http://vademecum.es/medicamento-niuliva_32372
665856,"NIVESTIM Sol. iny. en jeringa prec 12 MU/0,2 ml",http://vademecum.es/medicamento-nivestim_36237
697130,"NIVESTIM Sol. iny. en jeringa prec 12 MU/0,2 ml",http://vademecum.es/medicamento-nivestim_36237
665857,"NIVESTIM Sol. iny. en jeringa prec 30 MU/0,5 ml",http://vademecum.es/medicamento-nivestim_36238
697131,"NIVESTIM Sol. iny. en jeringa prec 30 MU/0,5 ml",http://vademecum.es/medicamento-nivestim_36238
665858,"NIVESTIM Sol. iny. en jeringa prec 48 MU/0,5 ml",http://vademecum.es/medicamento-nivestim_36239
697132,"NIVESTIM Sol. iny. en jeringa prec 48 MU/0,5 ml",http://vademecum.es/medicamento-nivestim_36239
941229,NIXYN HERMES Sup. inf. 200 mg,http://vademecum.es/medicamento-nixyn+hermes_2803
700657,NIXYN HERMES ADULTOS Cáps.  400 mg,http://vademecum.es/medicamento-nixyn+hermes+adultos_2801
897546,NIXYN HERMES ADULTOS Cáps.  400 mg,http://vademecum.es/medicamento-nixyn+hermes+adultos_2801
795203,"NIXYN HERMES CREMA FLUIDA Crema 5/2,5 g",http://vademecum.es/medicamento-nixyn+hermes+crema+fluida_2804
669796,"NOBRITOL Cáps. 12,5/5 mg",http://vademecum.es/medicamento-nobritol_2806
669804,NOBRITOL FORTE Cáps. 25/10 mg,http://vademecum.es/medicamento-nobritol+forte_2805
650099,NOCTAMID Comp. ranurado 1 mg,http://vademecum.es/medicamento-noctamid_2807
639369,NOCTAMID Comp. ranurado 1 mg,http://vademecum.es/medicamento-noctamid_2807
650100,NOCTAMID Comp. ranurado 2 mg,http://vademecum.es/medicamento-noctamid_2808
640920,NOCTAMID Comp. ranurado 2 mg,http://vademecum.es/medicamento-noctamid_2808
902155,"NOCTAMID Gotas orales en sol. 2,5 mg/ml",http://vademecum.es/medicamento-noctamid_23170
664457,,http://vademecum.es/medicamento-nofleban_34799
916171,NOIAFREN Comp. 10 mg,http://vademecum.es/medicamento-noiafren_2809
969386,NOIAFREN Comp. 20 mg,http://vademecum.es/medicamento-noiafren_2810
729079,NOLOTIL Cáps. 575 mg,http://vademecum.es/medicamento-nolotil_ficha_2812
729566,NOLOTIL Cáps. 575 mg,http://vademecum.es/medicamento-nolotil_ficha_2812
604298,NOLOTIL Cáps. 575 mg,http://vademecum.es/medicamento-nolotil_ficha_2812
729061,"NOLOTIL Sol. iny. 0,4 mg/ml",http://vademecum.es/medicamento-nolotil_ficha_2811
604306,"NOLOTIL Sol. iny. 0,4 mg/ml",http://vademecum.es/medicamento-nolotil_ficha_2811
670639,NOLPAZA Comp. gastrorresistente 20 mg,http://vademecum.es/medicamento-nolpaza_38279
670652,NOLPAZA Comp. gastrorresistente 40 mg,http://vademecum.es/medicamento-nolpaza_38280
670655,NOLPAZA Comp. gastrorresistente 40 mg,http://vademecum.es/medicamento-nolpaza_38280
990689,,http://vademecum.es/medicamento-nolvadex_2816
701209,NOMIXGEN Gas comprimido medicinal 400 ppm mol/mol,http://vademecum.es/medicamento-nomixgen_42937
701210,NOMIXGEN Gas comprimido medicinal 400 ppm mol/mol,http://vademecum.es/medicamento-nomixgen_42937
701211,NOMIXGEN Gas comprimido medicinal 400 ppm mol/mol,http://vademecum.es/medicamento-nomixgen_42937
701212,NOMIXGEN Gas comprimido medicinal 400 ppm mol/mol,http://vademecum.es/medicamento-nomixgen_42937
701213,NOMIXGEN Gas comprimido medicinal 400 ppm mol/mol,http://vademecum.es/medicamento-nomixgen_42937
937839,,http://vademecum.es/medicamento-nootropil_2818
680025,,http://vademecum.es/medicamento-nootropil_21127
644666,NOOTROPIL Sol. iny. 200 mg/ml,http://vademecum.es/medicamento-nootropil_2819
768390,NOOTROPIL Sol. iny. 200 mg/ml,http://vademecum.es/medicamento-nootropil_2819
954594,NOOTROPIL Sol. iny. 200 mg/ml,http://vademecum.es/medicamento-nootropil_2819
937854,NOOTROPIL Sol. oral 200 mg/ml,http://vademecum.es/medicamento-nootropil_2820
661660,NORADRENALINA BRAUN Concentrado para solución para perfusión 1 mg/ml,http://vademecum.es/medicamento-noradrenalina+braun_21847
656019,NORADRENALINA BRAUN Concentrado para solución para perfusión 1 mg/ml,http://vademecum.es/medicamento-noradrenalina+braun_21847
603030,NORADRENALINA NORMON Sol. iny. 1 mg/ml,http://vademecum.es/medicamento-noradrenalina+normon_32594
661350,NORADRENALINA NORMON Sol. iny. 1 mg/ml,http://vademecum.es/medicamento-noradrenalina+normon_32594
652135,NORAGES Sol. iny. 2 mg/ml,http://vademecum.es/medicamento-norages_29156
664038,"NORCOLESTEROL IODADO (131 I) CIS BIO INTERNATIONAL Sol. iny. 7,5-15 MBq/ml",http://vademecum.es/medicamento-norcolesterol+iodado+%28131+i%29+cis+bio+international_34290
667112,,http://vademecum.es/medicamento-norditropin+flexpro_41150
667116,,http://vademecum.es/medicamento-norditropin+flexpro_41152
667115,,http://vademecum.es/medicamento-norditropin+flexpro_41151
858027,"NORDITROPIN SIMPLEXx Sol. iny. 10 mg/1,5 ml",http://vademecum.es/medicamento-norditropin+simplexx_22614
858035,"NORDITROPIN SIMPLEXx Sol. iny. 10 mg/1,5 ml",http://vademecum.es/medicamento-norditropin+simplexx_22614
858068,"NORDITROPIN SIMPLEXx Sol. iny. 15 mg/1,5 ml",http://vademecum.es/medicamento-norditropin+simplexx_22615
858084,"NORDITROPIN SIMPLEXx Sol. iny. 15 mg/1,5 ml",http://vademecum.es/medicamento-norditropin+simplexx_22615
858043,"NORDITROPIN SIMPLEXx Sol. iny. 5 mg/1,5 ml",http://vademecum.es/medicamento-norditropin+simplexx_22616
858050,"NORDITROPIN SIMPLEXx Sol. iny. 5 mg/1,5 ml",http://vademecum.es/medicamento-norditropin+simplexx_22616
662395,NOREBOX Comp. 4 mg,http://vademecum.es/medicamento-norebox_21365
662387,NOREBOX Comp. 4 mg,http://vademecum.es/medicamento-norebox_21365
761247,NORFENAZIN Comp. 10 mg,http://vademecum.es/medicamento-norfenazin_18449
761254,NORFENAZIN-25 Comp. 25 mg,http://vademecum.es/medicamento-norfenazin-25_18450
602513,NORFLOXACINO CINFA Comp. recub. con película 400 mg,http://vademecum.es/medicamento-norfloxacino+cinfa_31009
658780,NORFLOXACINO CINFA Comp. recub. con película 400 mg,http://vademecum.es/medicamento-norfloxacino+cinfa_31009
693484,NORFLOXACINO CINFA Comp. recub. con película 400 mg,http://vademecum.es/medicamento-norfloxacino+cinfa_31009
834648,NORFLOXACINO NORMON EFG Comp. recub. 400 mg,http://vademecum.es/medicamento-norfloxacino+normon+efg_23184
621268,NORFLOXACINO NORMON EFG Comp. recub. 400 mg,http://vademecum.es/medicamento-norfloxacino+normon+efg_23184
693740,NORFLOXACINO NORMON EFG Comp. recub. 400 mg,http://vademecum.es/medicamento-norfloxacino+normon+efg_23184
602512,NORFLOXACINO PENSA EFG Comp. recub. con película 400 mg,http://vademecum.es/medicamento-norfloxacino+pensa+efg_31010
658779,NORFLOXACINO PENSA EFG Comp. recub. con película 400 mg,http://vademecum.es/medicamento-norfloxacino+pensa+efg_31010
694022,NORFLOXACINO PENSA EFG Comp. recub. con película 400 mg,http://vademecum.es/medicamento-norfloxacino+pensa+efg_31010
687699,NORFLOXACINO QUALIGEN Comp. recub. con película 400 mg,http://vademecum.es/medicamento-norfloxacino+qualigen_1438
632034,NORFLOXACINO QUALIGEN Comp. recub. con película 400 mg,http://vademecum.es/medicamento-norfloxacino+qualigen_1438
695717,NORFLOXACINO QUALIGEN Comp. recub. con película 400 mg,http://vademecum.es/medicamento-norfloxacino+qualigen_1438
934109,NORFLOXACINO RANBAXY EFG Comp. 400 mg,http://vademecum.es/medicamento-norfloxacino+ranbaxy+efg_25411
603902,NORFLOXACINO RANBAXY EFG Comp. 400 mg,http://vademecum.es/medicamento-norfloxacino+ranbaxy+efg_25411
675124,NORFLOXACINO SANDOZ EFG Comp. 400 mg,http://vademecum.es/medicamento-norfloxacino+sandoz+efg_21803
609636,NORFLOXACINO SANDOZ EFG Comp. 400 mg,http://vademecum.es/medicamento-norfloxacino+sandoz+efg_21803
694996,NORFLOXACINO SANDOZ EFG Comp. 400 mg,http://vademecum.es/medicamento-norfloxacino+sandoz+efg_21803
772566,NORFLOXACINO STADA EFG Comp. recub. 400 mg,http://vademecum.es/medicamento-norfloxacino+stada+efg_21464
601948,NORFLOXACINO STADA EFG Comp. recub. 400 mg,http://vademecum.es/medicamento-norfloxacino+stada+efg_21464
694981,NORFLOXACINO STADA EFG Comp. recub. 400 mg,http://vademecum.es/medicamento-norfloxacino+stada+efg_21464
698279,NORFLOXACINO STADA EFG Comp. recub. 400 mg,http://vademecum.es/medicamento-norfloxacino+stada+efg_21464
654322,NORLEVO Comp. 1500 mcg,http://vademecum.es/medicamento-norlevo_30293
807008,,http://vademecum.es/medicamento-norlevo_25209
693206,NORMODOL Granulado para sol. oral 400 mg,http://vademecum.es/medicamento-normodol_38143
693207,NORMODOL Granulado para sol. oral 400 mg,http://vademecum.es/medicamento-normodol_38143
698061,,http://vademecum.es/medicamento-normodorm_41910
698062,,http://vademecum.es/medicamento-normodorm_41910
698059,NORMODORM Comp. recub. con película 25 mg,http://vademecum.es/medicamento-normodorm_41911
698060,NORMODORM Comp. recub. con película 25 mg,http://vademecum.es/medicamento-normodorm_41911
864454,NORMOFUNDINA Sol. iny. IV,http://vademecum.es/medicamento-normofundina_22617
619106,NORMOFUNDINA Sol. iny. IV,http://vademecum.es/medicamento-normofundina_22617
864413,NORMOFUNDINA CON POTASIO Sol. iny. IV,http://vademecum.es/medicamento-normofundina+con+potasio_22618
864405,NORMOFUNDINA CON POTASIO Sol. iny. IV,http://vademecum.es/medicamento-normofundina+con+potasio_22618
618967,NORMOFUNDINA CON POTASIO Sol. iny. IV,http://vademecum.es/medicamento-normofundina+con+potasio_22618
618975,NORMOFUNDINA CON POTASIO Sol. iny. IV,http://vademecum.es/medicamento-normofundina+con+potasio_22618
693195,NORMOGASTROL Comp. gastrorresistente 20 mg,http://vademecum.es/medicamento-normogastrol_38024
693196,NORMOGASTROL Comp. gastrorresistente 20 mg,http://vademecum.es/medicamento-normogastrol_38024
680041,NORMOGINKGO Comp. recub. 70 mg,http://vademecum.es/medicamento-normoginkgo_4988
661506,NORMOMALE Comp. recub. con película 5 mg,http://vademecum.es/medicamento-normomale_32752
891457,"NORMONASAL Sol. para nebulización nasal 0,5 mg/ml",http://vademecum.es/medicamento-normonasal_20105
678730,,http://vademecum.es/medicamento-normoreum_4989
875484,NORMOSANG Concentrado para sol. para perfusión  25 mg/ml,http://vademecum.es/medicamento-normosang_22763
983205,NORMOSEPT Sol. cutánea 10 mg/ml,http://vademecum.es/medicamento-normosept_1049
983197,NORMOSEPT Sol. cutánea 10 mg/ml,http://vademecum.es/medicamento-normosept_1049
651515,,http://vademecum.es/medicamento-normosoy_28957
703189,NORMOSTOP Comp. 50 mg,http://vademecum.es/medicamento-normostop_43881
703191,NORMOSTOP Comp. 50 mg,http://vademecum.es/medicamento-normostop_43881
703192,NORMOSTOP Comp. 50 mg,http://vademecum.es/medicamento-normostop_43881
703193,NORMOSTOP Comp. 50 mg,http://vademecum.es/medicamento-normostop_43881
653031,NORMOTRIDE Comp. 25 mg,http://vademecum.es/medicamento-normotride_30070
658482,"NORMOTRIDE Comp. 6,25 mg",http://vademecum.es/medicamento-normotride_30849
652459,NORMOTUS Sol. oral 2 mg/ml,http://vademecum.es/medicamento-normotus_29577
652460,NORMOTUS Sol. oral 2 mg/ml,http://vademecum.es/medicamento-normotus_29577
734913,NORMOVAGIL Emulsión vaginal 100 mg/g,http://vademecum.es/medicamento-normovagil_21694
680033,NORMOVAL Comp. recub. 250 mg,http://vademecum.es/medicamento-normoval_4990
981126,NORMOVIDONA Sol. 10%,http://vademecum.es/medicamento-normovidona_2972
981134,NORMOVIDONA Sol. 10%,http://vademecum.es/medicamento-normovidona_2972
708362,NORMOVITE ANTIANEMICO Gragea 300/1 mg,http://vademecum.es/medicamento-normovite+antianemico_2836
951418,NORMOVITE ANTIANEMICO Gragea 300/1 mg,http://vademecum.es/medicamento-normovite+antianemico_2836
687368,NORPROLAC Comp. 75 mcg,http://vademecum.es/medicamento-norprolac_5246
687376,NORPROLAC 25-50 Comp. 25 mcg y comp. 50 mcg,http://vademecum.es/medicamento-norprolac+25-50_5245
699472,,http://vademecum.es/medicamento-norspan_42938
699480,,http://vademecum.es/medicamento-norspan_42939
699489,,http://vademecum.es/medicamento-norspan_42940
879973,NORVAS Comp. 10 mg,http://vademecum.es/medicamento-norvas_2841
642405,NORVAS Comp. 10 mg,http://vademecum.es/medicamento-norvas_2841
879411,NORVAS Comp. 5 mg,http://vademecum.es/medicamento-norvas_2842
642397,NORVAS Comp. 5 mg,http://vademecum.es/medicamento-norvas_2842
848002,NORVECTAN Polvo para susp. oral 600 mg,http://vademecum.es/medicamento-norvectan_26057
780247,NORVECTAN Polvo para susp. oral 600 mg,http://vademecum.es/medicamento-norvectan_26057
702784,NORVECTAN PEDIATRICO Suspensión oral 20 mg/ml,http://vademecum.es/medicamento-norvectan+pediatrico_43810
849414,,http://vademecum.es/medicamento-norvir_22129
658374,,http://vademecum.es/medicamento-norvir_22129
665749,NORVIR Comp. recub. con película 100 mg,http://vademecum.es/medicamento-norvir_35296
708200,NORVIR Polvo para susp. oral 100 mg,http://vademecum.es/medicamento-norvir_45175
675793,,http://vademecum.es/medicamento-norvir_4648
677685,,http://vademecum.es/medicamento-norvir_4648
675793,,http://vademecum.es/medicamento-norvir_4648
677685,,http://vademecum.es/medicamento-norvir_4648
697660,NOTUS ANTITUSIVO Pastilla para chupar sabor miel-limón 10 mg,http://vademecum.es/medicamento-notus+antitusivo_41690
697661,NOTUS ANTITUSIVO Pastilla para chupar sabor miel-limón 10 mg,http://vademecum.es/medicamento-notus+antitusivo_41690
650345,NOTUS ANTITUSIVO Sol. oral 2 mg/ml,http://vademecum.es/medicamento-notus+antitusivo_28459
650346,NOTUS ANTITUSIVO Sol. oral 2 mg/ml,http://vademecum.es/medicamento-notus+antitusivo_28459
693005,NOTUS ANTITUSIVO Y EXPECTORANTE Sol. oral 2 mg/ml + 20 mg/ml,http://vademecum.es/medicamento-notus+antitusivo+y+expectorante_40523
693006,NOTUS ANTITUSIVO Y EXPECTORANTE Sol. oral 2 mg/ml + 20 mg/ml,http://vademecum.es/medicamento-notus+antitusivo+y+expectorante_40523
664258,NOTUS MUCOLÍTICO Sol. oral 50 mg/ml,http://vademecum.es/medicamento-notus+mucolitico_34664
664259,NOTUS MUCOLÍTICO Sol. oral 50 mg/ml,http://vademecum.es/medicamento-notus+mucolitico_34664
654306,NOTUS MUCUS Comp. efervescente 600 mg,http://vademecum.es/medicamento-notus+mucus_30287
794719,NOTUSIN Sol. oral 10 mg/5 ml,http://vademecum.es/medicamento-notusin_27134
795112,NOTUSIN Sol. oral 10 mg/5 ml,http://vademecum.es/medicamento-notusin_27134
692223,NOVAG ANTIGRIPAL Granulado para sol. oral,http://vademecum.es/medicamento-novag+antigripal_40131
663821,NOVAG RINO Sol. para pulv. 35 mcg/pulsación,http://vademecum.es/medicamento-novag+rino_34148
686542,NOVAG TUSS Comp. 15 mg,http://vademecum.es/medicamento-novag+tuss_38887
652648,NOVAG TUSS Sol. oral 10 mg/5ml,http://vademecum.es/medicamento-novag+tuss_29630
652649,NOVAG TUSS Sol. oral 10 mg/5ml,http://vademecum.es/medicamento-novag+tuss_29630
974931,NOVANTRONE Concentrado para sol. para perfusión 2 mg/ml,http://vademecum.es/medicamento-novantrone_2847
395475,,http://vademecum.es/medicamento-novasource+diabet_3216
250159,,http://vademecum.es/medicamento-novasource+diabet_3217
244905,,http://vademecum.es/medicamento-novasource+diabet+plus_23113
239269,,http://vademecum.es/medicamento-novasource+gi+control_4696
239277,,http://vademecum.es/medicamento-novasource+gi+control_4696
501858,,http://vademecum.es/medicamento-novasource+junior_28575
652647,,http://vademecum.es/medicamento-novidol_29330
816843,,http://vademecum.es/medicamento-novix_27853
816850,,http://vademecum.es/medicamento-novix_27853
816892,,http://vademecum.es/medicamento-novix_27853
817254,,http://vademecum.es/medicamento-novix_27853
796615,NOVO-DERMOQUINONA Pom. 100 mg/g,http://vademecum.es/medicamento-novo-dermoquinona_2850
796623,NOVO-DERMOQUINONA Pom. 200 mg/g,http://vademecum.es/medicamento-novo-dermoquinona_2851
705717,NOVOEIGHT Polvo y disolvente para sol. iny. 1000 UI,http://vademecum.es/medicamento-novoeight_44510
705719,NOVOEIGHT Polvo y disolvente para sol. iny. 1500 UI,http://vademecum.es/medicamento-novoeight_44511
705722,NOVOEIGHT Polvo y disolvente para sol. iny. 2000 UI,http://vademecum.es/medicamento-novoeight_44512
702988,NOVOEIGHT Polvo y disolvente para sol. iny. 250 UI,http://vademecum.es/medicamento-novoeight_44513
709159,NOVOEIGHT Polvo y disolvente para sol. iny. 250 UI,http://vademecum.es/medicamento-novoeight_44513
705724,NOVOEIGHT Polvo y disolvente para sol. iny. 3000 UI,http://vademecum.es/medicamento-novoeight_44514
705714,NOVOEIGHT Polvo y disolvente para sol. iny. 500 UI,http://vademecum.es/medicamento-novoeight_44515
796805,,http://vademecum.es/medicamento-novogumil_18964
656773,NOVOMIX 30 FLEXPEN Susp. iny. pluma precargada 100 U/ml,http://vademecum.es/medicamento-novomix+30+flexpen_25757
661527,NOVOMIX 50 FLEXPEN Susp. iny. pluma precargada 100 U/ml,http://vademecum.es/medicamento-novomix+50+flexpen_32796
661528,NOVOMIX 70 FLEXPEN Susp. iny. pluma precargada 100 U/ml,http://vademecum.es/medicamento-novomix+70+flexpen_32797
717702,"NOVONORM Comp. 0,5 mg",http://vademecum.es/medicamento-novonorm_22032
717769,NOVONORM Comp. 1 mg,http://vademecum.es/medicamento-novonorm_22033
718635,NOVONORM Comp. 2 mg,http://vademecum.es/medicamento-novonorm_22034
945436,NOVOPULM NOVOLIZER Polvo para inhal. 200 mcg,http://vademecum.es/medicamento-novopulm+novolizer_27395
945493,NOVOPULM NOVOLIZER Polvo para inhal. 200 mcg,http://vademecum.es/medicamento-novopulm+novolizer_27395
945535,NOVOPULM NOVOLIZER Polvo para inhal. 200 mcg,http://vademecum.es/medicamento-novopulm+novolizer_27395
652283,NOVOPULM NOVOLIZER Polvo para inhal. 400 mcg,http://vademecum.es/medicamento-novopulm+novolizer_29470
652284,NOVOPULM NOVOLIZER Polvo para inhal. 400 mcg,http://vademecum.es/medicamento-novopulm+novolizer_29470
682683,NOVORAPID Iny. 100 UI/ml,http://vademecum.es/medicamento-novorapid_22619
656774,NOVORAPID FLEXPEN Sol. iny. 100 UI/ml,http://vademecum.es/medicamento-novorapid+flexpen_25758
704723,NOVORAPID PENFILL Sol. iny. 100 UI/ml,http://vademecum.es/medicamento-novorapid+penfill_22621
707739,NOVORAPID PUMCART Sol. iny. en cartucho 100 unidades/ml,http://vademecum.es/medicamento-novorapid+pumcart_45333
661013,NOVOSEVEN Polvo y disolv. para sol. iny. 1 mg  (50 KUI),http://vademecum.es/medicamento-novoseven_32556
695757,NOVOSEVEN Polvo y disolv. para sol. iny. 1 mg  (50 KUI),http://vademecum.es/medicamento-novoseven_32556
661013,NOVOSEVEN Polvo y disolv. para sol. iny. 1 mg  (50 KUI),http://vademecum.es/medicamento-novoseven_32556
695757,NOVOSEVEN Polvo y disolv. para sol. iny. 1 mg  (50 KUI),http://vademecum.es/medicamento-novoseven_32556
661014,NOVOSEVEN Polvo y disolv. para sol. iny. 2 mg (100 KUI),http://vademecum.es/medicamento-novoseven_32557
695758,NOVOSEVEN Polvo y disolv. para sol. iny. 2 mg (100 KUI),http://vademecum.es/medicamento-novoseven_32557
661014,NOVOSEVEN Polvo y disolv. para sol. iny. 2 mg (100 KUI),http://vademecum.es/medicamento-novoseven_32557
695758,NOVOSEVEN Polvo y disolv. para sol. iny. 2 mg (100 KUI),http://vademecum.es/medicamento-novoseven_32557
661015,NOVOSEVEN Polvo y disolv. para sol. iny. 5 mg (250 KUI),http://vademecum.es/medicamento-novoseven_32558
695760,NOVOSEVEN Polvo y disolv. para sol. iny. 5 mg (250 KUI),http://vademecum.es/medicamento-novoseven_32558
661015,NOVOSEVEN Polvo y disolv. para sol. iny. 5 mg (250 KUI),http://vademecum.es/medicamento-novoseven_32558
695760,NOVOSEVEN Polvo y disolv. para sol. iny. 5 mg (250 KUI),http://vademecum.es/medicamento-novoseven_32558
796839,"NOVOTER Crema 0,05%",http://vademecum.es/medicamento-novoter_19029
830463,"NOVOTER Crema 0,05%",http://vademecum.es/medicamento-novoter_19029
704338,"NOVOTER GENTAMICINA Crema 0,5/1 mg/g",http://vademecum.es/medicamento-novoter+gentamicina_19019
796854,"NOVOTER GENTAMICINA Crema 0,5/1 mg/g",http://vademecum.es/medicamento-novoter+gentamicina_19019
693282,NOVOTHIRTEEN Polvo y disolv. para sol. iny. 2500 UI,http://vademecum.es/medicamento-novothirteen_40487
702378,NOXAFIL Comp. gastrorresistente 100 mg,http://vademecum.es/medicamento-noxafil_43704
704624,NOXAFIL Concentrado para sol. para perfusión 300 mg,http://vademecum.es/medicamento-noxafil_44350
652433,NOXAFIL Susp. oral 40 mg/ml,http://vademecum.es/medicamento-noxafil_29471
665129,NOXAP Gas para inhal. 200 ppm mol/mol,http://vademecum.es/medicamento-noxap_35297
665130,NOXAP Gas para inhal. 200 ppm mol/mol,http://vademecum.es/medicamento-noxap_35297
665131,NOXAP Gas para inhal. 200 ppm mol/mol,http://vademecum.es/medicamento-noxap_35297
665132,NOXAP Gas para inhal. 200 ppm mol/mol,http://vademecum.es/medicamento-noxap_35297
697127,NOXAP Gas para inhal. 200 ppm mol/mol,http://vademecum.es/medicamento-noxap_35297
665134,NOXAP Gas para inhal. 800 ppm mol/mol,http://vademecum.es/medicamento-noxap_35298
665135,NOXAP Gas para inhal. 800 ppm mol/mol,http://vademecum.es/medicamento-noxap_35298
665136,NOXAP Gas para inhal. 800 ppm mol/mol,http://vademecum.es/medicamento-noxap_35298
665137,NOXAP Gas para inhal. 800 ppm mol/mol,http://vademecum.es/medicamento-noxap_35298
697128,NOXAP Gas para inhal. 800 ppm mol/mol,http://vademecum.es/medicamento-noxap_35298
662117,,http://vademecum.es/medicamento-nplate_33137
662118,,http://vademecum.es/medicamento-nplate_33138
664637,NPLATE Polvo y disolv. para sol. iny. 250 mcg,http://vademecum.es/medicamento-nplate_35907
664638,NPLATE Polvo y disolv. para sol. iny. 500 mcg,http://vademecum.es/medicamento-nplate_35910
709251,NUCALA Polvo para sol. iny. 100 mg,http://vademecum.es/medicamento-nucala_45067
699181,,http://vademecum.es/medicamento-nucleo+cmp_18400
666248,"NUCLEO CMP FORTE Cáps. 1,33 mg",http://vademecum.es/medicamento-nucleo+cmp+forte_2853
666230,"NUCLEO CMP FORTE Polvo y disolv. para sol. iny. 2,66 mg/vial",http://vademecum.es/medicamento-nucleo+cmp+forte_2854
698186,NUCLEODOS Sol. iny. 1110 MBq/ml,http://vademecum.es/medicamento-nucleodos_42048
698187,NUCLEODOS Sol. iny. 1110 MBq/ml,http://vademecum.es/medicamento-nucleodos_42048
698185,NUCLEOPET Sol. iny. 1110 MBq/ml,http://vademecum.es/medicamento-nucleopet_42049
698184,NUCLEOPET Sol. iny. 1110 MBq/ml,http://vademecum.es/medicamento-nucleopet_42049
891523,NUCLOSINA Cáps. dura gastrorresistente 20 mg,http://vademecum.es/medicamento-nuclosina_4678
887836,NUCLOSINA Cáps. dura gastrorresistente 20 mg,http://vademecum.es/medicamento-nuclosina_4678
899187,NUCLOSINA Cáps. dura gastrorresistente 20 mg,http://vademecum.es/medicamento-nuclosina_4678
604124,NUCLOSINA Cáps. dura gastrorresistente 20 mg,http://vademecum.es/medicamento-nuclosina_4678
658744,NUEREL Sol. para pulv. nasal 65 mcg/pulsación,http://vademecum.es/medicamento-nuerel_31025
866004,,http://vademecum.es/medicamento-nulcerin_2857
866699,,http://vademecum.es/medicamento-nulcerin_2858
866962,,http://vademecum.es/medicamento-nulcex_23453
867143,,http://vademecum.es/medicamento-nulcex_23454
867150,,http://vademecum.es/medicamento-nulcex_23454
682687,NULOJIX Polvo para concentrado para sol. para perf. 250 mg,http://vademecum.es/medicamento-nulojix_38144
912618,NUMATOL Sol. iny.  500 mg,http://vademecum.es/medicamento-numatol_2859
912626,NUMATOL Sol. iny.  500 mg,http://vademecum.es/medicamento-numatol_2859
631606,NUMATOL Sol. iny.  500 mg,http://vademecum.es/medicamento-numatol_2859
804682,,http://vademecum.es/medicamento-numen_27208
680156,,http://vademecum.es/medicamento-numeta++g13%25e_37730
680268,NUMETA  G16%E Emulsión para perfusión,http://vademecum.es/medicamento-numeta++g16%25e_37731
680269,,http://vademecum.es/medicamento-numeta++g19%25e_37732
712226,NUMETA G13% E Emulsión para perfusión,http://vademecum.es/medicamento-numeta+g13%25+e_45583
653650,,http://vademecum.es/medicamento-nupeldol_29681
757518,NURIL Cáps. 400 mg,http://vademecum.es/medicamento-nuril_2865
757401,NURIL Cáps. 400 mg,http://vademecum.es/medicamento-nuril_2865
626689,NURIL Cáps. 400 mg,http://vademecum.es/medicamento-nuril_2865
655882,NUROFEN Comp. recub. 400 mg,http://vademecum.es/medicamento-nurofen_30072
886879,NUROFEN Gel 50 mg/g,http://vademecum.es/medicamento-nurofen_23456
886945,NUROFEN Gel 50 mg/g,http://vademecum.es/medicamento-nurofen_23456
935767,NUROFEN Susp. oral 40 mg/ml,http://vademecum.es/medicamento-nurofen_27380
936203,NUROFEN Susp. oral 40 mg/ml,http://vademecum.es/medicamento-nurofen_27380
936492,NUROFEN Susp. oral 40 mg/ml,http://vademecum.es/medicamento-nurofen_27380
697287,,http://vademecum.es/medicamento-nurofen+fast+%28lisina%29_40854
697288,,http://vademecum.es/medicamento-nurofen+fast+%28lisina%29_40854
693756,,http://vademecum.es/medicamento-nurofen+fast+%28sodio%29_40660
672294,NUROFEN RAPID Cáps. blanda 400 mg,http://vademecum.es/medicamento-nurofen+rapid_30895
658582,NUROFEN RAPID Cáps. blanda 400 mg,http://vademecum.es/medicamento-nurofen+rapid_30895
656954,NUTRACEL Pom.,http://vademecum.es/medicamento-nutracel_2866
688606,"NUTRASONA Crema 0,1%",http://vademecum.es/medicamento-nutrasona_2085
999201,"NUTRASONA Crema 0,1%",http://vademecum.es/medicamento-nutrasona_2085
862193,NUTRIFLEX LIPID PERI Emulsión para perfusión,http://vademecum.es/medicamento-nutriflex+lipid+peri_22765
862201,NUTRIFLEX LIPID PERI Emulsión para perfusión,http://vademecum.es/medicamento-nutriflex+lipid+peri_22765
862227,NUTRIFLEX LIPID PERI Emulsión para perfusión,http://vademecum.es/medicamento-nutriflex+lipid+peri_22765
862557,NUTRIFLEX LIPID PLUS Emulsión para perfusión,http://vademecum.es/medicamento-nutriflex+lipid+plus_22766
862573,NUTRIFLEX LIPID PLUS Emulsión para perfusión,http://vademecum.es/medicamento-nutriflex+lipid+plus_22766
862607,NUTRIFLEX LIPID PLUS Emulsión para perfusión,http://vademecum.es/medicamento-nutriflex+lipid+plus_22766
862961,NUTRIFLEX LIPID PLUS SIN ELECTROLITOS Emulsión para perfusión,http://vademecum.es/medicamento-nutriflex+lipid+plus+sin+electrolitos_22767
862979,NUTRIFLEX LIPID PLUS SIN ELECTROLITOS Emulsión para perfusión,http://vademecum.es/medicamento-nutriflex+lipid+plus+sin+electrolitos_22767
862987,NUTRIFLEX LIPID PLUS SIN ELECTROLITOS Emulsión para perfusión,http://vademecum.es/medicamento-nutriflex+lipid+plus+sin+electrolitos_22767
863381,NUTRIFLEX LIPID SPECIAL Emulsión para perfusión,http://vademecum.es/medicamento-nutriflex+lipid+special_22768
863399,NUTRIFLEX LIPID SPECIAL Emulsión para perfusión,http://vademecum.es/medicamento-nutriflex+lipid+special_22768
900951,NUTRIFLEX LIPID SPECIAL Emulsión para perfusión,http://vademecum.es/medicamento-nutriflex+lipid+special_22768
664882,NUTRIFLEX LIPID SPECIAL Emulsión para perfusión,http://vademecum.es/medicamento-nutriflex+lipid+special_22768
862045,NUTRIFLEX LIPID SPECIAL SIN ELECTROLITOS Emulsión para perfusión,http://vademecum.es/medicamento-nutriflex+lipid+special+sin+electrolitos_22769
862151,NUTRIFLEX LIPID SPECIAL SIN ELECTROLITOS Emulsión para perfusión,http://vademecum.es/medicamento-nutriflex+lipid+special+sin+electrolitos_22769
862185,NUTRIFLEX LIPID SPECIAL SIN ELECTROLITOS Emulsión para perfusión,http://vademecum.es/medicamento-nutriflex+lipid+special+sin+electrolitos_22769
673890,NUTRIFLEX OMEGA PLUS Emulsión para perfusión,http://vademecum.es/medicamento-nutriflex+omega+plus_37733
673891,NUTRIFLEX OMEGA PLUS Emulsión para perfusión,http://vademecum.es/medicamento-nutriflex+omega+plus_37733
673892,NUTRIFLEX OMEGA PLUS Emulsión para perfusión,http://vademecum.es/medicamento-nutriflex+omega+plus_37733
673893,NUTRIFLEX OMEGA SPECIAL Emulsión para perfusión,http://vademecum.es/medicamento-nutriflex+omega+special_37254
673894,NUTRIFLEX OMEGA SPECIAL Emulsión para perfusión,http://vademecum.es/medicamento-nutriflex+omega+special_37254
673895,NUTRIFLEX OMEGA SPECIAL Emulsión para perfusión,http://vademecum.es/medicamento-nutriflex+omega+special_37254
673896,NUTRIFLEX OMEGA SPECIAL Emulsión para perfusión,http://vademecum.es/medicamento-nutriflex+omega+special_37254
691352,"NUTRINEAL PD4 Sol. diálisis peritoneal 1,1%",http://vademecum.es/medicamento-nutrineal+pd4_20560
691360,"NUTRINEAL PD4 Sol. diálisis peritoneal 1,1%",http://vademecum.es/medicamento-nutrineal+pd4_20560
691386,"NUTRINEAL PD4 Sol. diálisis peritoneal 1,1%",http://vademecum.es/medicamento-nutrineal+pd4_20560
700632,"NUTRINEAL PD4 Sol. diálisis peritoneal 1,1%",http://vademecum.es/medicamento-nutrineal+pd4_20560
691378,"NUTRINEAL PD4 Sol. diálisis peritoneal 1,1%",http://vademecum.es/medicamento-nutrineal+pd4_20560
943340,,http://vademecum.es/medicamento-nutrineal+pd4+aminoacido_27738
945352,,http://vademecum.es/medicamento-nutrineal+pd4+aminoacido_27738
942573,,http://vademecum.es/medicamento-nutrineal+pd4+aminoacido_27738
944397,,http://vademecum.es/medicamento-nutrineal+pd4+aminoacido_27738
691295,"NUTRINEAL PD4 SDI Sol. diálisis peritoneal 1,1%",http://vademecum.es/medicamento-nutrineal+pd4+sdi_20561
691311,"NUTRINEAL PD4 SDI Sol. diálisis peritoneal 1,1%",http://vademecum.es/medicamento-nutrineal+pd4+sdi_20561
650993,"NUTRINEAL PD4 SDI Sol. diálisis peritoneal 1,1%",http://vademecum.es/medicamento-nutrineal+pd4+sdi_20561
650996,"NUTRINEAL PD4 SDI Sol. diálisis peritoneal 1,1%",http://vademecum.es/medicamento-nutrineal+pd4+sdi_20561
650997,"NUTRINEAL PD4 SDI Sol. diálisis peritoneal 1,1%",http://vademecum.es/medicamento-nutrineal+pd4+sdi_20561
700631,"NUTRINEAL PD4 SDI Sol. diálisis peritoneal 1,1%",http://vademecum.es/medicamento-nutrineal+pd4+sdi_20561
691303,"NUTRINEAL PD4 SDI Sol. diálisis peritoneal 1,1%",http://vademecum.es/medicamento-nutrineal+pd4+sdi_20561
858977,NUTROPINAq Sol. iny. 10 mg/2 ml (30 UI),http://vademecum.es/medicamento-nutropinaq_ficha_28043
859207,NUTROPINAq Sol. iny. 10 mg/2 ml (30 UI),http://vademecum.es/medicamento-nutropinaq_ficha_28043
700584,NUVACTHEN DEPOT Sol. iny. 1 mg/1 ml,http://vademecum.es/medicamento-nuvacthen+depot_18892
797191,NUVACTHEN DEPOT Sol. iny. 1 mg/1 ml,http://vademecum.es/medicamento-nuvacthen+depot_18892
823971,"NUVARING Sistema de liberación vaginal 11,7/2,7 mg",http://vademecum.es/medicamento-nuvaring_26045
823989,"NUVARING Sistema de liberación vaginal 11,7/2,7 mg",http://vademecum.es/medicamento-nuvaring_26045
704652,NUWIQ Polvo y disolv. para sol. iny. 1000 UI,http://vademecum.es/medicamento-nuwiq_44351
704653,NUWIQ Polvo y disolv. para sol. iny. 2000 UI,http://vademecum.es/medicamento-nuwiq_44352
704649,NUWIQ Polvo y disolv. para sol. iny. 250 UI,http://vademecum.es/medicamento-nuwiq_44353
704651,NUWIQ Polvo y disolv. para sol. iny. 500 UI,http://vademecum.es/medicamento-nuwiq_44354
697526,,http://vademecum.es/medicamento-nylafent_41741
