713982,,http://vademecum.es/medicamento-bacisporin_356
672589,,http://vademecum.es/medicamento-baclofen++g.e.s._41094
672557,,http://vademecum.es/medicamento-baclofen++g.e.s._41095
673309,,http://vademecum.es/medicamento-baclofen++g.e.s._41096
673310,,http://vademecum.es/medicamento-baclofen++g.e.s._41096
665048,,http://vademecum.es/medicamento-baclofeno+sun_35236
665049,,http://vademecum.es/medicamento-baclofeno+sun_35236
665052,,http://vademecum.es/medicamento-baclofeno+sun_35237
665053,,http://vademecum.es/medicamento-baclofeno+sun_35237
665050,,http://vademecum.es/medicamento-baclofeno+sun_35238
665051,,http://vademecum.es/medicamento-baclofeno+sun_35238
745695,BACTIL Comp. recub. con película 10 mg,http://vademecum.es/medicamento-bactil_20103
914879,BACTIL FORTE Comp. recub. con película 20 mg,http://vademecum.es/medicamento-bactil+forte_23244
714154,,http://vademecum.es/medicamento-bactopumon_18415
997585,BACTROBAN Pom. 2%,http://vademecum.es/medicamento-bactroban_359
997593,BACTROBAN Pom. 2%,http://vademecum.es/medicamento-bactroban_359
767111,BACTROBAN NASAL Pom. 2%,http://vademecum.es/medicamento-bactroban+nasal_360
816983,"BALANCE 1,5% GL Sol. 1,25 mmol/lca",http://vademecum.es/medicamento-balance+1%2C5%25+gl_26402
815167,"BALANCE 1,5% GL Sol. 1,25 mmol/lca",http://vademecum.es/medicamento-balance+1%2C5%25+gl_26402
815399,"BALANCE 1,5% GL Sol. 1,25 mmol/lca",http://vademecum.es/medicamento-balance+1%2C5%25+gl_26402
815712,"BALANCE 1,5% GL Sol. 1,25 mmol/lca",http://vademecum.es/medicamento-balance+1%2C5%25+gl_26402
815506,"BALANCE 1,5% GL Sol. 1,25 mmol/lca",http://vademecum.es/medicamento-balance+1%2C5%25+gl_26402
660674,"BALANCE 1,5% GL Sol. 1,25 mmol/lca",http://vademecum.es/medicamento-balance+1%2C5%25+gl_26402
660672,"BALANCE 1,5% GL Sol. 1,25 mmol/lca",http://vademecum.es/medicamento-balance+1%2C5%25+gl_26402
660673,"BALANCE 1,5% GL Sol. 1,25 mmol/lca",http://vademecum.es/medicamento-balance+1%2C5%25+gl_26402
660675,"BALANCE 1,5% GL Sol. 1,25 mmol/lca",http://vademecum.es/medicamento-balance+1%2C5%25+gl_26402
811794,"BALANCE 1,5% GL Sol. 1,75 mmol/lca",http://vademecum.es/medicamento-balance+1%2C5%25+gl_26403
811810,"BALANCE 1,5% GL Sol. 1,75 mmol/lca",http://vademecum.es/medicamento-balance+1%2C5%25+gl_26403
812321,"BALANCE 1,5% GL Sol. 1,75 mmol/lca",http://vademecum.es/medicamento-balance+1%2C5%25+gl_26403
812339,"BALANCE 1,5% GL Sol. 1,75 mmol/lca",http://vademecum.es/medicamento-balance+1%2C5%25+gl_26403
812537,"BALANCE 1,5% GL Sol. 1,75 mmol/lca",http://vademecum.es/medicamento-balance+1%2C5%25+gl_26403
660660,"BALANCE 1,5% GL Sol. 1,75 mmol/lca",http://vademecum.es/medicamento-balance+1%2C5%25+gl_26403
660658,"BALANCE 1,5% GL Sol. 1,75 mmol/lca",http://vademecum.es/medicamento-balance+1%2C5%25+gl_26403
660661,"BALANCE 1,5% GL Sol. 1,75 mmol/lca",http://vademecum.es/medicamento-balance+1%2C5%25+gl_26403
660659,"BALANCE 1,5% GL Sol. 1,75 mmol/lca",http://vademecum.es/medicamento-balance+1%2C5%25+gl_26403
818609,"BALANCE 2,3% GL Sol. 1,25 mmol/lca",http://vademecum.es/medicamento-balance+2%2C3%25+gl_26404
817338,"BALANCE 2,3% GL Sol. 1,25 mmol/lca",http://vademecum.es/medicamento-balance+2%2C3%25+gl_26404
817676,"BALANCE 2,3% GL Sol. 1,25 mmol/lca",http://vademecum.es/medicamento-balance+2%2C3%25+gl_26404
817692,"BALANCE 2,3% GL Sol. 1,25 mmol/lca",http://vademecum.es/medicamento-balance+2%2C3%25+gl_26404
818492,"BALANCE 2,3% GL Sol. 1,25 mmol/lca",http://vademecum.es/medicamento-balance+2%2C3%25+gl_26404
660682,"BALANCE 2,3% GL Sol. 1,25 mmol/lca",http://vademecum.es/medicamento-balance+2%2C3%25+gl_26404
660680,"BALANCE 2,3% GL Sol. 1,25 mmol/lca",http://vademecum.es/medicamento-balance+2%2C3%25+gl_26404
660683,"BALANCE 2,3% GL Sol. 1,25 mmol/lca",http://vademecum.es/medicamento-balance+2%2C3%25+gl_26404
660681,"BALANCE 2,3% GL Sol. 1,25 mmol/lca",http://vademecum.es/medicamento-balance+2%2C3%25+gl_26404
814491,"BALANCE 2,3% GL Sol. 1,75 mmol/lca",http://vademecum.es/medicamento-balance+2%2C3%25+gl_26405
814087,"BALANCE 2,3% GL Sol. 1,75 mmol/lca",http://vademecum.es/medicamento-balance+2%2C3%25+gl_26405
814111,"BALANCE 2,3% GL Sol. 1,75 mmol/lca",http://vademecum.es/medicamento-balance+2%2C3%25+gl_26405
814426,"BALANCE 2,3% GL Sol. 1,75 mmol/lca",http://vademecum.es/medicamento-balance+2%2C3%25+gl_26405
814434,"BALANCE 2,3% GL Sol. 1,75 mmol/lca",http://vademecum.es/medicamento-balance+2%2C3%25+gl_26405
660669,"BALANCE 2,3% GL Sol. 1,75 mmol/lca",http://vademecum.es/medicamento-balance+2%2C3%25+gl_26405
660667,"BALANCE 2,3% GL Sol. 1,75 mmol/lca",http://vademecum.es/medicamento-balance+2%2C3%25+gl_26405
660671,"BALANCE 2,3% GL Sol. 1,75 mmol/lca",http://vademecum.es/medicamento-balance+2%2C3%25+gl_26405
660668,"BALANCE 2,3% GL Sol. 1,75 mmol/lca",http://vademecum.es/medicamento-balance+2%2C3%25+gl_26405
814772,"BALANCE 4,25% G Sol. 1,25 mmol/lca",http://vademecum.es/medicamento-balance+4%2C25%25+g_26406
814640,"BALANCE 4,25% G Sol. 1,25 mmol/lca",http://vademecum.es/medicamento-balance+4%2C25%25+g_26406
814673,"BALANCE 4,25% G Sol. 1,25 mmol/lca",http://vademecum.es/medicamento-balance+4%2C25%25+g_26406
814681,"BALANCE 4,25% G Sol. 1,25 mmol/lca",http://vademecum.es/medicamento-balance+4%2C25%25+g_26406
814764,"BALANCE 4,25% G Sol. 1,25 mmol/lca",http://vademecum.es/medicamento-balance+4%2C25%25+g_26406
660678,"BALANCE 4,25% G Sol. 1,25 mmol/lca",http://vademecum.es/medicamento-balance+4%2C25%25+g_26406
660676,"BALANCE 4,25% G Sol. 1,25 mmol/lca",http://vademecum.es/medicamento-balance+4%2C25%25+g_26406
660679,"BALANCE 4,25% G Sol. 1,25 mmol/lca",http://vademecum.es/medicamento-balance+4%2C25%25+g_26406
660677,"BALANCE 4,25% G Sol. 1,25 mmol/lca",http://vademecum.es/medicamento-balance+4%2C25%25+g_26406
812875,"BALANCE 4,25% G Sol. 1,75 mmol/lca",http://vademecum.es/medicamento-balance+4%2C25%25+g_26407
813758,"BALANCE 4,25% G Sol. 1,75 mmol/lca",http://vademecum.es/medicamento-balance+4%2C25%25+g_26407
813774,"BALANCE 4,25% G Sol. 1,75 mmol/lca",http://vademecum.es/medicamento-balance+4%2C25%25+g_26407
813816,"BALANCE 4,25% G Sol. 1,75 mmol/lca",http://vademecum.es/medicamento-balance+4%2C25%25+g_26407
814079,"BALANCE 4,25% G Sol. 1,75 mmol/lca",http://vademecum.es/medicamento-balance+4%2C25%25+g_26407
660665,"BALANCE 4,25% G Sol. 1,75 mmol/lca",http://vademecum.es/medicamento-balance+4%2C25%25+g_26407
660890,"BALANCE 4,25% G Sol. 1,75 mmol/lca",http://vademecum.es/medicamento-balance+4%2C25%25+g_26407
660663,"BALANCE 4,25% G Sol. 1,75 mmol/lca",http://vademecum.es/medicamento-balance+4%2C25%25+g_26407
660664,"BALANCE 4,25% G Sol. 1,75 mmol/lca",http://vademecum.es/medicamento-balance+4%2C25%25+g_26407
713551,BALCOGA Comp. recub. con película 20 mg,http://vademecum.es/medicamento-balcoga_45382
651551,"BALIANCA Comp. recub. con película 2/0,03 mg",http://vademecum.es/medicamento-balianca_29087
651552,"BALIANCA Comp. recub. con película 2/0,03 mg",http://vademecum.es/medicamento-balianca_29087
664932,"BALIANCA DIARIO Comp. recub. con película 2/0,03 mg",http://vademecum.es/medicamento-balianca+diario_35114
664933,"BALIANCA DIARIO Comp. recub. con película 2/0,03 mg",http://vademecum.es/medicamento-balianca+diario_35114
987313,"BALSOPRIM Susp. oral 27/133/2,5 mg/5 ml",http://vademecum.es/medicamento-balsoprim_18563
603069,BALZAK Comp. recub. con película 20 mg/5 mg,http://vademecum.es/medicamento-balzak_ficha_32744
661535,BALZAK Comp. recub. con película 20 mg/5 mg,http://vademecum.es/medicamento-balzak_ficha_32744
603062,BALZAK Comp. recub. con película 40 mg/10 mg,http://vademecum.es/medicamento-balzak_ficha_32746
672044,BALZAK Comp. recub. con película 40 mg/10 mg,http://vademecum.es/medicamento-balzak_ficha_32746
603063,BALZAK Comp. recub. con película 40 mg/5 mg,http://vademecum.es/medicamento-balzak_ficha_32745
661534,BALZAK Comp. recub. con película 40 mg/5 mg,http://vademecum.es/medicamento-balzak_ficha_32745
604484,"BALZAK PLUS Comp. recub. con película 20/5/12,5 mg",http://vademecum.es/medicamento-balzak+plus_ficha_36792
678596,"BALZAK PLUS Comp. recub. con película 20/5/12,5 mg",http://vademecum.es/medicamento-balzak+plus_ficha_36792
604482,"BALZAK PLUS Comp. recub. con película 40/10/12,5 mg",http://vademecum.es/medicamento-balzak+plus_ficha_36793
654847,"BALZAK PLUS Comp. recub. con película 40/10/12,5 mg",http://vademecum.es/medicamento-balzak+plus_ficha_36793
604485,BALZAK PLUS Comp. recub. con película 40/10/25 mg,http://vademecum.es/medicamento-balzak+plus_ficha_36794
654846,BALZAK PLUS Comp. recub. con película 40/10/25 mg,http://vademecum.es/medicamento-balzak+plus_ficha_36794
604483,"BALZAK PLUS Comp. recub. con película 40/5/12,5 mg",http://vademecum.es/medicamento-balzak+plus_ficha_36795
678601,"BALZAK PLUS Comp. recub. con película 40/5/12,5 mg",http://vademecum.es/medicamento-balzak+plus_ficha_36795
604486,BALZAK PLUS Comp. recub. con película 40/5/25 mg,http://vademecum.es/medicamento-balzak+plus_ficha_36796
679055,BALZAK PLUS Comp. recub. con película 40/5/25 mg,http://vademecum.es/medicamento-balzak+plus_ficha_36796
679056,BALZAK PLUS Comp. recub. con película 40/5/25 mg,http://vademecum.es/medicamento-balzak+plus_ficha_36796
679057,BALZAK PLUS Comp. recub. con película 40/5/25 mg,http://vademecum.es/medicamento-balzak+plus_ficha_36796
738559,BAMBEC Comp. 10 mg,http://vademecum.es/medicamento-bambec_362
654637,"BARACLUDE Comp. recub. con película 0,5 mg",http://vademecum.es/medicamento-baraclude_30014
654638,BARACLUDE Comp. recub. con película 1 mg,http://vademecum.es/medicamento-baraclude_30380
654639,,http://vademecum.es/medicamento-baraclude_30381
664499,BARDANA ARKOPHARMA Cáps. dura 350 mg,http://vademecum.es/medicamento-bardana+arkopharma_34828
664497,BARDANA ARKOPHARMA Cáps. dura 350 mg,http://vademecum.es/medicamento-bardana+arkopharma_34828
664498,BARDANA ARKOPHARMA Cáps. dura 350 mg,http://vademecum.es/medicamento-bardana+arkopharma_34828
636878,"BARIGRAF Polvo para susp. rectal 555,2 g",http://vademecum.es/medicamento-barigraf_ficha_19614
882712,"BARIGRAF Polvo para susp. rectal 555,2 g",http://vademecum.es/medicamento-barigraf_ficha_19614
636886,"BARIGRAF AD 333,2 G Polvo 98%",http://vademecum.es/medicamento-barigraf+ad+333%2C2+g_ficha_19612
882696,"BARIGRAF AD 333,2 G Polvo 98%",http://vademecum.es/medicamento-barigraf+ad+333%2C2+g_ficha_19612
673603,BARIGRAF TAC 10 G Polvo para susp. oral,http://vademecum.es/medicamento-barigraf+tac+10+g_ficha_37162
603652,BARILUX Concentrado para susp. oral y rectal 50 mg/ml,http://vademecum.es/medicamento-barilux_36733
603653,BARILUX Concentrado para susp. oral y rectal 50 mg/ml,http://vademecum.es/medicamento-barilux_36733
603651,"BARILUX Polvo para sol. oral 7,5 g",http://vademecum.es/medicamento-barilux_36734
603573,"BARILUX Polvo para susp. oral y rectal 764,32 g",http://vademecum.es/medicamento-barilux_36517
603631,BARILUX Susp. oral y rectal 830 mg/ml,http://vademecum.es/medicamento-barilux_36518
603625,"BARILUX AD Polvo para susp. oral 327,25 g",http://vademecum.es/medicamento-barilux+ad_36519
860858,BARIPRIL Comp. 20 mg,http://vademecum.es/medicamento-baripril_363
637157,BARIPRIL Comp. 20 mg,http://vademecum.es/medicamento-baripril_363
860841,BARIPRIL Comp. 5 mg,http://vademecum.es/medicamento-baripril_364
860726,BARIPRIL Comp. 5 mg,http://vademecum.es/medicamento-baripril_364
637165,BARIPRIL Comp. 5 mg,http://vademecum.es/medicamento-baripril_364
895052,"BARIPRIL-DIU Comp. 20/12,5 mg",http://vademecum.es/medicamento-baripril-diu_365
646646,"BARIPRIL-DIU Comp. 20/12,5 mg",http://vademecum.es/medicamento-baripril-diu_365
655996,BARNASCAN Sol. iny. 3000 MBq/ml,http://vademecum.es/medicamento-barnascan_30125
656529,BARNIX Cáps. de liberación modificada 10 mg,http://vademecum.es/medicamento-barnix_26866
656528,BARNIX Cáps. de liberación modificada 10 mg,http://vademecum.es/medicamento-barnix_26866
656527,BARNIX Cáps. de liberación modificada 20 mg,http://vademecum.es/medicamento-barnix_26867
656526,BARNIX Cáps. de liberación modificada 20 mg,http://vademecum.es/medicamento-barnix_26867
690131,"BATMEN Crema 0,25%",http://vademecum.es/medicamento-batmen_ficha_4992
690123,"BATMEN Crema 0,25%",http://vademecum.es/medicamento-batmen_ficha_4992
690172,"BATMEN Pom. 0,25%",http://vademecum.es/medicamento-batmen_ficha_4993
690164,"BATMEN Pom. 0,25%",http://vademecum.es/medicamento-batmen_ficha_4993
690115,"BATMEN Sol. 0,25%",http://vademecum.es/medicamento-batmen_ficha_4994
824300,"BATMEN Sol. 0,25%",http://vademecum.es/medicamento-batmen_ficha_4994
690156,"BATMEN Ungüento 0,25%",http://vademecum.es/medicamento-batmen_ficha_4995
690149,"BATMEN Ungüento 0,25%",http://vademecum.es/medicamento-batmen_ficha_4995
637587,BAYCIP Comp. recub. con película 500 mg,http://vademecum.es/medicamento-baycip_367
697909,BAYCIP Comp. recub. con película 500 mg,http://vademecum.es/medicamento-baycip_367
671016,"BAYCIP Sol. ótica monodosis 1 mg/0,5 ml",http://vademecum.es/medicamento-baycip_5216
658179,BAYPRESOL Comp. 20 mg,http://vademecum.es/medicamento-baypresol_371
637991,BAYPRESOL Comp. 20 mg,http://vademecum.es/medicamento-baypresol_371
701867,BEACITA Cáps. dura 60 mg,http://vademecum.es/medicamento-beacita_43173
701868,BEACITA Cáps. dura 60 mg,http://vademecum.es/medicamento-beacita_43173
701869,BEACITA Cáps. dura 60 mg,http://vademecum.es/medicamento-beacita_43173
701871,BEACITA Cáps. dura 60 mg,http://vademecum.es/medicamento-beacita_43173
701872,BEACITA Cáps. dura 60 mg,http://vademecum.es/medicamento-beacita_43173
701873,BEACITA Cáps. dura 60 mg,http://vademecum.es/medicamento-beacita_43173
787994,,http://vademecum.es/medicamento-beclo-asma_373
715193,,http://vademecum.es/medicamento-beclo-asma_18749
678912,BECLOENEMA Sol. rectal 1 mg/75 ml,http://vademecum.es/medicamento-becloenema_22448
917070,BECLOFORTE Sol. para inhal. en envase a presión 250 mcg/dosis,http://vademecum.es/medicamento-becloforte_375
794370,BECLO-RINO AEROSOL Susp. acuosa nasal 50 mcg,http://vademecum.es/medicamento-beclo-rino+aerosol_374
989061,BECONASE Susp. para pulv. nasal 50 mcg/dosis,http://vademecum.es/medicamento-beconase_377
715219,BECOTIDE Sol. para inhal. envase a presión 50 mcg/dosis,http://vademecum.es/medicamento-becotide_378
715227,BECOZYME C FORTE Gragea,http://vademecum.es/medicamento-becozyme+c+forte_379
667097,BEGLAN Accuhaler 50 mcg/alvéolo,http://vademecum.es/medicamento-beglan_382
667105,BEGLAN Susp. inhal. envase a presión 25 mcg/dosis,http://vademecum.es/medicamento-beglan_381
685292,BEKUNIS TISANA,http://vademecum.es/medicamento-bekunis_38374
891622,BEKUNIS COMPLEX Comp.,http://vademecum.es/medicamento-bekunis+complex_18690
891630,BEKUNIS COMPLEX Comp.,http://vademecum.es/medicamento-bekunis+complex_18690
671305,"BEKUNIS INSTANT Polvo para sol. oral 81,6 g/100 g",http://vademecum.es/medicamento-bekunis+instant_20927
671313,"BEKUNIS INSTANT Polvo para sol. oral 81,6 g/100 g",http://vademecum.es/medicamento-bekunis+instant_20927
690267,BEKUNIS LAX TISANA Tisana,http://vademecum.es/medicamento-bekunis+lax+tisana_39746
651553,"BELARA Comp. recub. con película 2/0,03 mg",http://vademecum.es/medicamento-belara_ficha_29088
651555,"BELARA Comp. recub. con película 2/0,03 mg",http://vademecum.es/medicamento-belara_ficha_29088
678015,"BELARA Comp. recub. con película 2/0,03 mg",http://vademecum.es/medicamento-belara_38576
678016,"BELARA Comp. recub. con película 2/0,03 mg",http://vademecum.es/medicamento-belara_38576
664787,"BELARA DIARIO Comp. recub. con película 2/0,03 mg",http://vademecum.es/medicamento-belara+diario_34935
664788,"BELARA DIARIO Comp. recub. con película 2/0,03 mg",http://vademecum.es/medicamento-belara+diario_34935
714287,BELKYRA Sol. iny. 10 mg/ml,http://vademecum.es/medicamento-belkyra_45599
862938,BELMALIP Comp. recub. con película 10 mg,http://vademecum.es/medicamento-belmalip_26128
866046,BELMALIP Comp. recub. con película 20 mg,http://vademecum.es/medicamento-belmalip_26129
866061,BELMALIP Comp. recub. con película 40 mg,http://vademecum.es/medicamento-belmalip_26130
922815,BELMAZOL Cáps. dura gastrorresistente 10 mg,http://vademecum.es/medicamento-belmazol_27335
923722,BELMAZOL Cáps. dura gastrorresistente 10 mg,http://vademecum.es/medicamento-belmazol_27335
696726,BELMAZOL Cáps. dura gastrorresistente 10 mg,http://vademecum.es/medicamento-belmazol_27335
696727,BELMAZOL Cáps. dura gastrorresistente 10 mg,http://vademecum.es/medicamento-belmazol_27335
884338,BELMAZOL Cáps. dura gastrorresistente 20 mg,http://vademecum.es/medicamento-belmazol_386
884320,BELMAZOL Cáps. dura gastrorresistente 20 mg,http://vademecum.es/medicamento-belmazol_386
830174,BELMAZOL Cáps. dura gastrorresistente 20 mg,http://vademecum.es/medicamento-belmazol_386
696722,BELMAZOL Cáps. dura gastrorresistente 20 mg,http://vademecum.es/medicamento-belmazol_386
696723,BELMAZOL Cáps. dura gastrorresistente 20 mg,http://vademecum.es/medicamento-belmazol_386
696725,BELMAZOL Cáps. dura gastrorresistente 20 mg,http://vademecum.es/medicamento-belmazol_386
659153,BELMAZOL Cáps. dura gastrorresistente 40 mg,http://vademecum.es/medicamento-belmazol_31254
659154,BELMAZOL Cáps. dura gastrorresistente 40 mg,http://vademecum.es/medicamento-belmazol_31254
696728,BELMAZOL Cáps. dura gastrorresistente 40 mg,http://vademecum.es/medicamento-belmazol_31254
696729,BELMAZOL Cáps. dura gastrorresistente 40 mg,http://vademecum.es/medicamento-belmazol_31254
952044,BELOKEN Comp. 100 mg,http://vademecum.es/medicamento-beloken_3609
969337,BELOKEN Sol. iny. 1 mg/ml,http://vademecum.es/medicamento-beloken_3610
672154,BELOKEN RETARD Comp. de liberación prolongada 100 mg,http://vademecum.es/medicamento-beloken+retard_4795
991588,,http://vademecum.es/medicamento-belustine_39330
862391,"BEMASIVE Comp. recub. con película 0,15/0,02 mg",http://vademecum.es/medicamento-bemasive_26775
862730,"BEMASIVE Comp. recub. con película 0,15/0,02 mg",http://vademecum.es/medicamento-bemasive_26775
702710,"BEMFOLA Sol. iny. pluma precargada 150 UI/0,25 ml",http://vademecum.es/medicamento-bemfola_43622
703477,"BEMFOLA Sol. iny. pluma precargada 150 UI/0,25 ml",http://vademecum.es/medicamento-bemfola_43622
706521,"BEMFOLA Sol. iny. pluma precargada 150 UI/0,25 ml",http://vademecum.es/medicamento-bemfola_43622
702714,"BEMFOLA Sol. iny. pluma precargada 225 UI/0,375 ml",http://vademecum.es/medicamento-bemfola_43623
703478,"BEMFOLA Sol. iny. pluma precargada 225 UI/0,375 ml",http://vademecum.es/medicamento-bemfola_43623
706522,"BEMFOLA Sol. iny. pluma precargada 225 UI/0,375 ml",http://vademecum.es/medicamento-bemfola_43623
702716,"BEMFOLA Sol. iny. pluma precargada 300 UI/0,50 ml",http://vademecum.es/medicamento-bemfola_43624
703479,"BEMFOLA Sol. iny. pluma precargada 300 UI/0,50 ml",http://vademecum.es/medicamento-bemfola_43624
706523,"BEMFOLA Sol. iny. pluma precargada 300 UI/0,50 ml",http://vademecum.es/medicamento-bemfola_43624
702735,"BEMFOLA Sol. iny. pluma precargada 450 UI/0,75 ml",http://vademecum.es/medicamento-bemfola_43757
702736,"BEMFOLA Sol. iny. pluma precargada 75 UI/0,125 ml",http://vademecum.es/medicamento-bemfola_43758
703476,"BEMFOLA Sol. iny. pluma precargada 75 UI/0,125 ml",http://vademecum.es/medicamento-bemfola_43758
684902,BEMOLAN Gel oral 2.000 mg,http://vademecum.es/medicamento-bemolan_387
973388,BEMOLAN Gel oral 800 mg,http://vademecum.es/medicamento-bemolan_390
654831,BENADON Comp. recub. con película 300 mg,http://vademecum.es/medicamento-benadon_392
654791,BENADON Sol. iny. 300 mg,http://vademecum.es/medicamento-benadon_391
704168,"BENDAMUSTINA ACCORD Polvo para concentrado para sol.  perf. 2,5 mg/ml",http://vademecum.es/medicamento-bendamustina+accord_44014
704170,"BENDAMUSTINA ACCORD Polvo para concentrado para sol.  perf. 2,5 mg/ml",http://vademecum.es/medicamento-bendamustina+accord_44014
709952,"BENDAMUSTINA DR. REDDYS Polvo concentrado para sol. para perfus. 2,5 mg/ml",http://vademecum.es/medicamento-bendamustina+dr.+reddys_45562
709947,"BENDAMUSTINA DR. REDDYS Polvo concentrado para sol. para perfus. 2,5 mg/ml",http://vademecum.es/medicamento-bendamustina+dr.+reddys_45562
704165,"BENDAMUSTINA INTAS Polvo para conc para sol. para perfusión 2,5 mg/ml",http://vademecum.es/medicamento-bendamustina+intas_44525
704167,"BENDAMUSTINA INTAS Polvo para conc para sol. para perfusión 2,5 mg/ml",http://vademecum.es/medicamento-bendamustina+intas_44525
659173,BENEFIX Polvo y disolv. para sol. iny. 1000 UI,http://vademecum.es/medicamento-benefix_31724
659174,BENEFIX Polvo y disolv. para sol. iny. 2000 UI,http://vademecum.es/medicamento-benefix_31725
659171,BENEFIX Polvo y disolv. para sol. iny. 250 UI,http://vademecum.es/medicamento-benefix_31722
694404,BENEFIX Polvo y disolv. para sol. iny. 3000 UI,http://vademecum.es/medicamento-benefix_40813
659172,BENEFIX Polvo y disolv. para sol. iny. 500 UI,http://vademecum.es/medicamento-benefix_31723
783076,BENEFLUR Comp. recub. 10 mg,http://vademecum.es/medicamento-beneflur_26550
687616,BENEFLUR Polvo para sol. iny. y para perfusión 50 mg/vial,http://vademecum.es/medicamento-beneflur_393
710131,BENEPALI Sol. iny. en jeringa precargada 50 mg,http://vademecum.es/medicamento-benepali_45028
710130,BENEPALI Sol. iny. en pluma precargada 50 mg,http://vademecum.es/medicamento-benepali_45051
654789,BENERVA Comp. recub. con película 300 mg,http://vademecum.es/medicamento-benerva_395
663435,BENERVA Sol. iny. 100 mg/ml,http://vademecum.es/medicamento-benerva_394
654790,BENERVA Sol. iny. 100 mg/ml,http://vademecum.es/medicamento-benerva_394
719492,"BENESTAN Comp. recub. con película 2,5 mg",http://vademecum.es/medicamento-benestan_ficha_396
684886,BENESTAN RETARD Comp. de liberación prolongada 5 mg,http://vademecum.es/medicamento-benestan+retard_ficha_397
715979,BENEXOL B1+B6+B12 Comp. recub. con película 250/250/1 mg,http://vademecum.es/medicamento-benexol+b1%2Bb6%2Bb12_398
687147,,http://vademecum.es/medicamento-benidette_40445
687148,,http://vademecum.es/medicamento-benidette_40445
687150,,http://vademecum.es/medicamento-benifema_40446
687151,,http://vademecum.es/medicamento-benifema_40446
708578,BENIOD Comp. 30 mg,http://vademecum.es/medicamento-beniod_27453
683044,BENLYSTA Polvo para concentrado para sol. para perf. 120 mg,http://vademecum.es/medicamento-benlysta_38094
683043,BENLYSTA Polvo para concentrado para sol. para perf. 400 mg,http://vademecum.es/medicamento-benlysta_38095
653433,BENORAL Susp. oral 50.000 UI/ml,http://vademecum.es/medicamento-benoral_399
694054,BENORAL Susp. oral 50.000 UI/ml,http://vademecum.es/medicamento-benoral_399
789529,,http://vademecum.es/medicamento-benoxygel_401
653304,"BENTIFEN Colirio en solución 0,25 mg/ml",http://vademecum.es/medicamento-bentifen_24899
974188,BENZAC Gel 100 mg/g,http://vademecum.es/medicamento-benzac_3011
974170,BENZAC Gel 50 mg/g,http://vademecum.es/medicamento-benzac_3012
674010,BENZAC Gel Wash 50 mg/g,http://vademecum.es/medicamento-benzac_4814
602980,BENZETACIL Polvo disolv. sol. iny. 600000/300000/300000 UI,http://vademecum.es/medicamento-benzetacil_405
654609,BENZETACIL Polvo disolv. sol. iny. 600000/300000/300000 UI,http://vademecum.es/medicamento-benzetacil_405
603284,BENZETACIL Polvo para sol. iny. 1.200.000 U/4 ml,http://vademecum.es/medicamento-benzetacil_406
654591,BENZETACIL Polvo para sol. iny. 1.200.000 U/4 ml,http://vademecum.es/medicamento-benzetacil_406
716266,BENZETACIL Polvo para susp. iny. 600.000 U/4 ml,http://vademecum.es/medicamento-benzetacil_408
603283,BENZETACIL Polvo para susp. iny. 600.000 U/4 ml,http://vademecum.es/medicamento-benzetacil_408
603285,BENZETACIL Polvo y disolv. para sol. iny. 2.400.000 U/6 ml,http://vademecum.es/medicamento-benzetacil_407
654583,BENZETACIL Polvo y disolv. para sol. iny. 2.400.000 U/6 ml,http://vademecum.es/medicamento-benzetacil_407
663427,BEPANMED Sol. iny. 500 mg/2 ml,http://vademecum.es/medicamento-bepanmed_409
656157,BEPANMED Sol. iny. 500 mg/2 ml,http://vademecum.es/medicamento-bepanmed_409
875047,BERIATE Polvo para sol. iny. o perfu. 1000 UI/10 ml,http://vademecum.es/medicamento-beriate_22452
832022,"BERIATE Polvo y disolv. para sol. iny. 250 UI/2,5 ml",http://vademecum.es/medicamento-beriate_22453
875021,BERIATE Polvo y disolv. para sol. iny. 500 UI/5 ml,http://vademecum.es/medicamento-beriate_22454
695869,,http://vademecum.es/medicamento-beriate_43174
654773,BERIGLOBINA P Sol. iny. 320 mg/2 ml,http://vademecum.es/medicamento-beriglobina+p_18274
662672,BERINERT Polvo y disolv. para sol. iny para perfusión 500 U,http://vademecum.es/medicamento-berinert_33369
706031,BERINERT Polvo y disolv. para sol. iny. 1500 UI,http://vademecum.es/medicamento-berinert_45086
829531,BERININ Vial liof. 1200 UI/10 ml,http://vademecum.es/medicamento-berinin_27151
896266,,http://vademecum.es/medicamento-beriplast+p+combi-set_25570
895920,,http://vademecum.es/medicamento-beriplast+p+combi-set_25571
896209,,http://vademecum.es/medicamento-beriplast+p+combi-set_25572
695871,BERIPLEX Polvo y disolv. para sol. iny. 1000 UI,http://vademecum.es/medicamento-beriplex_43175
661111,BERIPLEX Polvo y disolv. para solución iny. 500 UI,http://vademecum.es/medicamento-beriplex_32517
766048,BEROMUN Polvo y disolv. para sol. perfusión  1 mg/5 ml,http://vademecum.es/medicamento-beromun_22233
673139,"BERTANEL Sol. iny. en jeringa prec  25 mg/1,25 ml",http://vademecum.es/medicamento-bertanel_34833
702091,"BERTANEL Sol. iny. en jeringa prec  25 mg/1,25 ml",http://vademecum.es/medicamento-bertanel_34833
664640,BERTANEL Sol. iny. en jeringa prec 10 mg/ml,http://vademecum.es/medicamento-bertanel_34829
673135,BERTANEL Sol. iny. en jeringa prec 10 mg/ml,http://vademecum.es/medicamento-bertanel_34829
664642,"BERTANEL Sol. iny. en jeringa prec 15 mg/1,5 ml",http://vademecum.es/medicamento-bertanel_34830
673136,"BERTANEL Sol. iny. en jeringa prec 15 mg/1,5 ml",http://vademecum.es/medicamento-bertanel_34830
673138,BERTANEL Sol. iny. en jeringa prec 20 mg/ml,http://vademecum.es/medicamento-bertanel_34832
702089,BERTANEL Sol. iny. en jeringa prec 20 mg/ml,http://vademecum.es/medicamento-bertanel_34832
673140,"BERTANEL Sol. iny. en jeringa prec 30 mg/1,5 ml",http://vademecum.es/medicamento-bertanel_34834
664627,"BERTANEL Sol. iny. en jeringa prec 7,5 mg/0,75 ml",http://vademecum.es/medicamento-bertanel_34835
673134,"BERTANEL Sol. iny. en jeringa prec 7,5 mg/0,75 ml",http://vademecum.es/medicamento-bertanel_34835
702227,,http://vademecum.es/medicamento-bertanel_43521
702234,,http://vademecum.es/medicamento-bertanel_43522
702228,,http://vademecum.es/medicamento-bertanel_43523
702230,,http://vademecum.es/medicamento-bertanel_43524
702231,,http://vademecum.es/medicamento-bertanel_43525
702232,,http://vademecum.es/medicamento-bertanel_43526
702229,,http://vademecum.es/medicamento-bertanel_43527
721027,BESILATO ATRACURIO-HAMELN EFG Sol. iny. 10 mg/ml,http://vademecum.es/medicamento-besilato+atracurio-hameln+efg_25975
721134,BESILATO ATRACURIO-HAMELN EFG Sol. iny. 10 mg/ml,http://vademecum.es/medicamento-besilato+atracurio-hameln+efg_25975
857235,BESILATO DE ATRACURIO INIBSA EFG Sol. iny. 10 mg/ml,http://vademecum.es/medicamento-besilato+de+atracurio+inibsa+efg_22455
857029,BESILATO DE ATRACURIO INIBSA EFG Sol. iny. 10 mg/ml,http://vademecum.es/medicamento-besilato+de+atracurio+inibsa+efg_22455
799486,BESITRAN Comp. recub. 100 mg,http://vademecum.es/medicamento-besitran_ficha_415
649343,BESITRAN Comp. recub. 100 mg,http://vademecum.es/medicamento-besitran_ficha_415
730747,BESITRAN Comp. recub. 100 mg,http://vademecum.es/medicamento-besitran_ficha_415
798959,BESITRAN Comp. recub. 50 mg,http://vademecum.es/medicamento-besitran_ficha_416
649335,BESITRAN Comp. recub. 50 mg,http://vademecum.es/medicamento-besitran_ficha_416
730739,BESITRAN Comp. recub. 50 mg,http://vademecum.es/medicamento-besitran_ficha_416
657676,BESITRAN Gotas orales 20 mg/ml,http://vademecum.es/medicamento-besitran_ficha_23246
650440,"BESTER COMPLEX Cáps. 100/150/1,5 mg",http://vademecum.es/medicamento-bester+complex_417
917906,BETADINE Gel 10%,http://vademecum.es/medicamento-betadine_4544
968198,BETADINE Gel 10%,http://vademecum.es/medicamento-betadine_4544
716753,"BETADINE Scrub. Sol. 7,5%",http://vademecum.es/medicamento-betadine_4540
997452,BETADINE Sol. bucal 10%,http://vademecum.es/medicamento-betadine_4541
644625,BETADINE Sol. dérmica 10%,http://vademecum.es/medicamento-betadine_419
997437,BETADINE Sol. dérmica 10%,http://vademecum.es/medicamento-betadine_419
716720,BETADINE Sol. dérmica 10%,http://vademecum.es/medicamento-betadine_419
694109,BETADINE Sol. dérmica 10%,http://vademecum.es/medicamento-betadine_419
875765,BETADINE Sol. jabonosa 4%,http://vademecum.es/medicamento-betadine_24901
875914,BETADINE Sol. jabonosa 4%,http://vademecum.es/medicamento-betadine_24901
997429,BETADINE Sol. vaginal 10%,http://vademecum.es/medicamento-betadine_4543
997445,,http://vademecum.es/medicamento-betadine+champu_4542
659847,BETADINE MONODOSIS Sol. cutánea 10%,http://vademecum.es/medicamento-betadine+monodosis_21675
614750,BETADINE MONODOSIS Sol. cutánea 10%,http://vademecum.es/medicamento-betadine+monodosis_21675
735480,"BETADINE UNIDOSIS Sol. cutánea 0,5 g",http://vademecum.es/medicamento-betadine+unidosis_28312
690035,BETAFACT Polvo y disolvente para sol. iny. 50 UI/ml,http://vademecum.es/medicamento-betafact_40417
693203,BETAFACT Polvo y disolvente para sol. iny. 50 UI/ml,http://vademecum.es/medicamento-betafact_40417
693204,BETAFACT Polvo y disolvente para sol. iny. 50 UI/ml,http://vademecum.es/medicamento-betafact_40417
855965,,http://vademecum.es/medicamento-betaferon_22457
661932,BETAFERON Polvo y disolv. para sol. iny. 250 mcg/ml,http://vademecum.es/medicamento-betaferon_32977
659320,BETAFERON Sol. iny. 250 mcg/ml,http://vademecum.es/medicamento-betaferon_32301
688531,,http://vademecum.es/medicamento-betagan_420
986216,,http://vademecum.es/medicamento-betagan_420
703718,BETAHISTINA AUROBINDO Comp. 16 mg,http://vademecum.es/medicamento-betahistina+aurobindo_44262
703719,BETAHISTINA AUROBINDO Comp. 8 mg,http://vademecum.es/medicamento-betahistina+aurobindo_44263
711223,BETAHISTINA BLUEFISH Comp. 16 mg,http://vademecum.es/medicamento-betahistina+bluefish_45206
712689,BETAHISTINA BLUEFISH Comp. 8 mg,http://vademecum.es/medicamento-betahistina+bluefish_45207
684866,BETAHISTINA CINFA Comp. 16 mg,http://vademecum.es/medicamento-betahistina+cinfa_38375
684849,BETAHISTINA CINFA Comp. 8 mg,http://vademecum.es/medicamento-betahistina+cinfa_38376
701712,BETAHISTINA COMBIX Comp. 16 mg,http://vademecum.es/medicamento-betahistina+combix_43176
701711,BETAHISTINA COMBIX Comp. 8 mg,http://vademecum.es/medicamento-betahistina+combix_43177
702139,,http://vademecum.es/medicamento-betahistina+farmasierra_43528
680846,BETAHISTINA KERN PHARMA Comp. 16 mg,http://vademecum.es/medicamento-betahistina+kern+pharma_37653
680845,BETAHISTINA KERN PHARMA Comp. 8 mg,http://vademecum.es/medicamento-betahistina+kern+pharma_37654
672661,BETAHISTINA NORMON Comp. 16 mg,http://vademecum.es/medicamento-betahistina+normon_36163
672660,BETAHISTINA NORMON Comp. 8 mg,http://vademecum.es/medicamento-betahistina+normon_36164
672662,BETAHISTINA QUALIGEN Comp. 16 mg,http://vademecum.es/medicamento-betahistina+qualigen_36165
672588,BETAHISTINA QUALIGEN Comp. 8 mg,http://vademecum.es/medicamento-betahistina+qualigen_36166
698744,BETAHISTINA SANDOZ Comp. 16 mg,http://vademecum.es/medicamento-betahistina+sandoz_42252
698745,BETAHISTINA SANDOZ Comp. 8 mg,http://vademecum.es/medicamento-betahistina+sandoz_42253
688289,BETAHISTINA STADA Comp. 16 mg,http://vademecum.es/medicamento-betahistina+stada_39358
688290,BETAHISTINA STADA Comp. 8 mg,http://vademecum.es/medicamento-betahistina+stada_39359
642942,BETAMAZ PARENTERAL Polvo y disolv. para sol. inyec. 1 g,http://vademecum.es/medicamento-betamaz+parenteral_20193
974972,BETAMAZ PARENTERAL Polvo y disolv. para sol. inyec. 1 g,http://vademecum.es/medicamento-betamaz+parenteral_20193
940320,BETAMICAN Susp. inhal. 25 mcg/dosis,http://vademecum.es/medicamento-betamican_421
939033,BETAMICAN ACCUHALER Polvo para inhalación 50 mcg/alvéolo,http://vademecum.es/medicamento-betamican+accuhaler_422
992578,"BETA-MICOTER Crema 10/0,5 mg",http://vademecum.es/medicamento-beta-micoter_418
651497,"BETA-MICOTER Crema 10/0,5 mg",http://vademecum.es/medicamento-beta-micoter_418
971523,BETATUL Apósito impregnado 250 mg,http://vademecum.es/medicamento-betatul_19597
346981,,http://vademecum.es/medicamento-betavite_35949
696527,BETMIGA Comp. de liberación prolongada 50 mg,http://vademecum.es/medicamento-betmiga_41255
700507,BETNOVATE Sol. cutánea 1 mg/g,http://vademecum.es/medicamento-betnovate_423
700508,BETNOVATE Sol. cutánea 1 mg/g,http://vademecum.es/medicamento-betnovate_423
717017,BETNOVATE CREMA Crema 1 mg/g,http://vademecum.es/medicamento-betnovate+crema_424
680470,"BETOPTIC SUSPENSION Colirio en suspensión 2,5 mg/ml",http://vademecum.es/medicamento-betoptic+suspension_4405
983155,BEXIDERMIL Crema 100 mg/g,http://vademecum.es/medicamento-bexidermil_19840
983163,BEXIDERMIL Gel 100 mg/g,http://vademecum.es/medicamento-bexidermil_19841
983213,BEXIDERMIL Solución para pulverización cutánea 100 mg/ml,http://vademecum.es/medicamento-bexidermil_19854
701257,BEXSERO Susp. iny. jeringa precargada,http://vademecum.es/medicamento-bexsero_43040
701253,BEXSERO Susp. iny. jeringa precargada,http://vademecum.es/medicamento-bexsero_43040
659291,BIALFER Comp. recub. con película 90 mg +1 mg,http://vademecum.es/medicamento-bialfer_31424
659293,BIALFER Comp. recub. con película 90 mg +1 mg,http://vademecum.es/medicamento-bialfer_31424
659321,BIALFOLI Comp. 5 mg,http://vademecum.es/medicamento-bialfoli_31425
659322,BIALFOLI Comp. 5 mg,http://vademecum.es/medicamento-bialfoli_31425
659323,BIALFOLI Comp. 5 mg,http://vademecum.es/medicamento-bialfoli_31425
664067,BICALUTAMIDA ACCORD Comp. recub. con película 50 mg,http://vademecum.es/medicamento-bicalutamida+accord_34311
688990,BICALUTAMIDA ALMUS Comp. recub. con película 50 mg,http://vademecum.es/medicamento-bicalutamida+almus_39537
661500,BICALUTAMIDA APOTEX Comp. recub. con película 50 mg,http://vademecum.es/medicamento-bicalutamida+apotex_32720
659024,,http://vademecum.es/medicamento-bicalutamida+aristo_31283
673253,BICALUTAMIDA AUROVITAS SPAIN Comp. recub. con película 50 mg,http://vademecum.es/medicamento-bicalutamida+aurovitas+spain_31775
602469,,http://vademecum.es/medicamento-bicalutamida+bexal+manipulaciones+generales+efg_30835
673264,,http://vademecum.es/medicamento-bicalutamida+bexal+manipulaciones+generales+efg_30835
667652,BICALUTAMIDA BLUEFISH Comp. recub. con película 150 mg,http://vademecum.es/medicamento-bicalutamida+bluefish_37163
653791,BICALUTAMIDA BLUEFISH Comp. recub. con película 50 mg,http://vademecum.es/medicamento-bicalutamida+bluefish_37164
663281,BICALUTAMIDA CINFA EFG Comp. recub. con película 50 mg,http://vademecum.es/medicamento-bicalutamida+cinfa+efg_31278
606346,BICALUTAMIDA CINFA EFG Comp. recub. con película 50 mg,http://vademecum.es/medicamento-bicalutamida+cinfa+efg_31278
677319,BICALUTAMIDA COMBIX Comp. recub. con película 50 mg,http://vademecum.es/medicamento-bicalutamida+combix_36735
603648,BICALUTAMIDA KERN PHARMA Comp. recub. con película 150 mg,http://vademecum.es/medicamento-bicalutamida+kern+pharma_36736
677320,BICALUTAMIDA KERN PHARMA Comp. recub. con película 150 mg,http://vademecum.es/medicamento-bicalutamida+kern+pharma_36736
663250,BICALUTAMIDA KERN PHARMA EFG Comp. recub. con película 50 mg,http://vademecum.es/medicamento-bicalutamida+kern+pharma+efg_31499
663288,BICALUTAMIDA MABO EFG Comp. recub. con película 50 mg,http://vademecum.es/medicamento-bicalutamida+mabo+efg_31281
663273,,http://vademecum.es/medicamento-bicalutamida+mylan_32574
660090,,http://vademecum.es/medicamento-bicalutamida+mylan+pharmaceuticals_31893
656286,BICALUTAMIDA NORMON EFG Comp. recub. con película 50 mg,http://vademecum.es/medicamento-bicalutamida+normon+efg_30496
656111,BICALUTAMIDA PENSA EFG Comp. recub. con película 50 mg,http://vademecum.es/medicamento-bicalutamida+pensa+efg_30414
663264,BICALUTAMIDA PHARMAGENUS EFG Comp. recub. con película 50 mg,http://vademecum.es/medicamento-bicalutamida+pharmagenus+efg_31504
663266,BICALUTAMIDA RATIOPHARM EFG Comp. recub. con película 50 mg,http://vademecum.es/medicamento-bicalutamida+ratiopharm+efg_31034
659535,,http://vademecum.es/medicamento-bicalutamida+salutas_31563
660539,BICALUTAMIDA SANDOZ Comp. recub. con película 50 mg,http://vademecum.es/medicamento-bicalutamida+sandoz_32153
663244,BICALUTAMIDA STADA EFG Comp. recub. con película 50 mg,http://vademecum.es/medicamento-bicalutamida+stada+efg_30406
660012,,http://vademecum.es/medicamento-bicalutamida+synthon_31869
688989,BICALUTAMIDA TECNIGEN Comp. recub. con película 50 mg,http://vademecum.es/medicamento-bicalutamida+tecnigen_39538
663261,BICALUTAMIDA TEVA EFG Comp. recub. con película 50 mg,http://vademecum.es/medicamento-bicalutamida+teva+efg_30438
660629,,http://vademecum.es/medicamento-bicalutamida+zentiva_32261
654149,"BICANOVA 1,5% GLUCOSA Sol. para diálisis peritoneal",http://vademecum.es/medicamento-bicanova+1%2C5%25+glucosa_30210
654150,"BICANOVA 1,5% GLUCOSA Sol. para diálisis peritoneal",http://vademecum.es/medicamento-bicanova+1%2C5%25+glucosa_30210
654151,"BICANOVA 1,5% GLUCOSA Sol. para diálisis peritoneal",http://vademecum.es/medicamento-bicanova+1%2C5%25+glucosa_30210
654154,"BICANOVA 1,5% GLUCOSA Sol. para diálisis peritoneal",http://vademecum.es/medicamento-bicanova+1%2C5%25+glucosa_30210
654155,"BICANOVA 1,5% GLUCOSA Sol. para diálisis peritoneal",http://vademecum.es/medicamento-bicanova+1%2C5%25+glucosa_30210
654156,"BICANOVA 2,3% GLUCOSA Sol. para diálisis peritoneal",http://vademecum.es/medicamento-bicanova+2%2C3%25+glucosa_30211
654157,"BICANOVA 2,3% GLUCOSA Sol. para diálisis peritoneal",http://vademecum.es/medicamento-bicanova+2%2C3%25+glucosa_30211
654158,"BICANOVA 2,3% GLUCOSA Sol. para diálisis peritoneal",http://vademecum.es/medicamento-bicanova+2%2C3%25+glucosa_30211
654159,"BICANOVA 2,3% GLUCOSA Sol. para diálisis peritoneal",http://vademecum.es/medicamento-bicanova+2%2C3%25+glucosa_30211
654162,"BICANOVA 2,3% GLUCOSA Sol. para diálisis peritoneal",http://vademecum.es/medicamento-bicanova+2%2C3%25+glucosa_30211
654142,"BICANOVA 4,25% GLUCOSA Sol. para diálisis peritoneal 4,25%",http://vademecum.es/medicamento-bicanova+4%2C25%25+glucosa_30209
654143,"BICANOVA 4,25% GLUCOSA Sol. para diálisis peritoneal 4,25%",http://vademecum.es/medicamento-bicanova+4%2C25%25+glucosa_30209
654144,"BICANOVA 4,25% GLUCOSA Sol. para diálisis peritoneal 4,25%",http://vademecum.es/medicamento-bicanova+4%2C25%25+glucosa_30209
654146,"BICANOVA 4,25% GLUCOSA Sol. para diálisis peritoneal 4,25%",http://vademecum.es/medicamento-bicanova+4%2C25%25+glucosa_30209
654148,"BICANOVA 4,25% GLUCOSA Sol. para diálisis peritoneal 4,25%",http://vademecum.es/medicamento-bicanova+4%2C25%25+glucosa_30209
673091,BICARBEX Comp. recub. con película 50 mg,http://vademecum.es/medicamento-bicarbex_31418
717330,BICARBONATO DE SOSA TORRES MUÑOZ Comp. 500 mg,http://vademecum.es/medicamento-bicarbonato+de+sosa+torres+munoz_17652
717322,BICARBONATO DE SOSA TORRES MUÑOZ Polvo para sol. oral 100%,http://vademecum.es/medicamento-bicarbonato+de+sosa+torres+munoz_17651
717348,BICARBONATO DE SOSA TORRES MUÑOZ Polvo para sol. oral 100%,http://vademecum.es/medicamento-bicarbonato+de+sosa+torres+munoz_17651
717355,BICARBONATO DE SOSA TORRES MUÑOZ Polvo para sol. oral 100%,http://vademecum.es/medicamento-bicarbonato+de+sosa+torres+munoz_17651
711270,BICARBONATO NM Polvo para sol. oral 1 g,http://vademecum.es/medicamento-bicarbonato+nm_45208
622290,BICARBONATO SODICO 1/6 M BRAUN Sol. para perfusión 14 mg/ml,http://vademecum.es/medicamento-bicarbonato+sodico+1%2F6+m+braun_18368
857722,BICARBONATO SODICO 1/6 M BRAUN Sol. para perfusión 14 mg/ml,http://vademecum.es/medicamento-bicarbonato+sodico+1%2F6+m+braun_18368
645705,BICARBONATO SODICO GRIFOLS Sol. iny. 840 mg/10 ml,http://vademecum.es/medicamento-bicarbonato+sodico+grifols_20437
692301,BICARBONATO SODICO GRIFOLS Sol. iny. 840 mg/10 ml,http://vademecum.es/medicamento-bicarbonato+sodico+grifols_20437
607812,"BICARBONATO SODICO MEIN Sol. para perfusión 1,4 g/100 ml",http://vademecum.es/medicamento-bicarbonato+sodico+mein_18207
607838,"BICARBONATO SODICO MEIN Sol. para perfusión 1,4 g/100 ml",http://vademecum.es/medicamento-bicarbonato+sodico+mein_18207
925461,"BICARBONATO SODICO MEIN Sol. para perfusión 1,4 g/100 ml",http://vademecum.es/medicamento-bicarbonato+sodico+mein_18207
925479,"BICARBONATO SODICO MEIN Sol. para perfusión 1,4 g/100 ml",http://vademecum.es/medicamento-bicarbonato+sodico+mein_18207
653043,BICASAN Jarabe 2 mg/ml,http://vademecum.es/medicamento-bicasan_29780
732651,"BICAVERA GLUCOSA  Calcio 1,75 mmol/l Sol. para diálisis 2,3%",http://vademecum.es/medicamento-bicavera+glucosa++calcio+1%2C75+mmol%2Fl_26230
734145,"BICAVERA GLUCOSA  Calcio 1,75 mmol/l Sol. para diálisis 2,3%",http://vademecum.es/medicamento-bicavera+glucosa++calcio+1%2C75+mmol%2Fl_26230
733055,"BICAVERA GLUCOSA  Calcio 1,75 mmol/l Sol. para diálisis 2,3%",http://vademecum.es/medicamento-bicavera+glucosa++calcio+1%2C75+mmol%2Fl_26230
734491,"BICAVERA GLUCOSA  Calcio 1,75 mmol/l Sol. para diálisis 2,3%",http://vademecum.es/medicamento-bicavera+glucosa++calcio+1%2C75+mmol%2Fl_26230
733949,"BICAVERA GLUCOSA  Calcio 1,75 mmol/l Sol. para diálisis 2,3%",http://vademecum.es/medicamento-bicavera+glucosa++calcio+1%2C75+mmol%2Fl_26230
734285,"BICAVERA GLUCOSA  Calcio 1,75 mmol/l Sol. para diálisis 2,3%",http://vademecum.es/medicamento-bicavera+glucosa++calcio+1%2C75+mmol%2Fl_26230
734137,"BICAVERA GLUCOSA  Calcio 1,75 mmol/l Sol. para diálisis 2,3%",http://vademecum.es/medicamento-bicavera+glucosa++calcio+1%2C75+mmol%2Fl_26230
734509,"BICAVERA GLUCOSA  Calcio 1,75 mmol/l Sol. para diálisis 2,3%",http://vademecum.es/medicamento-bicavera+glucosa++calcio+1%2C75+mmol%2Fl_26230
723619,"BICAVERA GLUCOSA  Calcio 1,75 mmol/l Sol. para diálisis 2,3%",http://vademecum.es/medicamento-bicavera+glucosa++calcio+1%2C75+mmol%2Fl_26230
734657,"BICAVERA GLUCOSA Calcio 1,75 mmol/l Sol. para diálisis 1,5%",http://vademecum.es/medicamento-bicavera+glucosa+calcio+1%2C75+mmol%2Fl_26231
734897,"BICAVERA GLUCOSA Calcio 1,75 mmol/l Sol. para diálisis 1,5%",http://vademecum.es/medicamento-bicavera+glucosa+calcio+1%2C75+mmol%2Fl_26231
734699,"BICAVERA GLUCOSA Calcio 1,75 mmol/l Sol. para diálisis 1,5%",http://vademecum.es/medicamento-bicavera+glucosa+calcio+1%2C75+mmol%2Fl_26231
735076,"BICAVERA GLUCOSA Calcio 1,75 mmol/l Sol. para diálisis 1,5%",http://vademecum.es/medicamento-bicavera+glucosa+calcio+1%2C75+mmol%2Fl_26231
734731,"BICAVERA GLUCOSA Calcio 1,75 mmol/l Sol. para diálisis 1,5%",http://vademecum.es/medicamento-bicavera+glucosa+calcio+1%2C75+mmol%2Fl_26231
735837,"BICAVERA GLUCOSA Calcio 1,75 mmol/l Sol. para diálisis 1,5%",http://vademecum.es/medicamento-bicavera+glucosa+calcio+1%2C75+mmol%2Fl_26231
734772,"BICAVERA GLUCOSA Calcio 1,75 mmol/l Sol. para diálisis 1,5%",http://vademecum.es/medicamento-bicavera+glucosa+calcio+1%2C75+mmol%2Fl_26231
736454,"BICAVERA GLUCOSA Calcio 1,75 mmol/l Sol. para diálisis 1,5%",http://vademecum.es/medicamento-bicavera+glucosa+calcio+1%2C75+mmol%2Fl_26231
723270,"BICAVERA GLUCOSA Calcio 1,75 mmol/l Sol. para diálisis 1,5%",http://vademecum.es/medicamento-bicavera+glucosa+calcio+1%2C75+mmol%2Fl_26231
736942,"BICAVERA GLUCOSA Calcio 1,75 mmol/l Sol. para diálisis 4,25%",http://vademecum.es/medicamento-bicavera+glucosa+calcio+1%2C75+mmol%2Fl_26232
737551,"BICAVERA GLUCOSA Calcio 1,75 mmol/l Sol. para diálisis 4,25%",http://vademecum.es/medicamento-bicavera+glucosa+calcio+1%2C75+mmol%2Fl_26232
736793,"BICAVERA GLUCOSA Calcio 1,75 mmol/l Sol. para diálisis 4,25%",http://vademecum.es/medicamento-bicavera+glucosa+calcio+1%2C75+mmol%2Fl_26232
737544,"BICAVERA GLUCOSA Calcio 1,75 mmol/l Sol. para diálisis 4,25%",http://vademecum.es/medicamento-bicavera+glucosa+calcio+1%2C75+mmol%2Fl_26232
736967,"BICAVERA GLUCOSA Calcio 1,75 mmol/l Sol. para diálisis 4,25%",http://vademecum.es/medicamento-bicavera+glucosa+calcio+1%2C75+mmol%2Fl_26232
739003,"BICAVERA GLUCOSA Calcio 1,75 mmol/l Sol. para diálisis 4,25%",http://vademecum.es/medicamento-bicavera+glucosa+calcio+1%2C75+mmol%2Fl_26232
736959,"BICAVERA GLUCOSA Calcio 1,75 mmol/l Sol. para diálisis 4,25%",http://vademecum.es/medicamento-bicavera+glucosa+calcio+1%2C75+mmol%2Fl_26232
737882,"BICAVERA GLUCOSA Calcio 1,75 mmol/l Sol. para diálisis 4,25%",http://vademecum.es/medicamento-bicavera+glucosa+calcio+1%2C75+mmol%2Fl_26232
723593,"BICAVERA GLUCOSA Calcio 1,75 mmol/l Sol. para diálisis 4,25%",http://vademecum.es/medicamento-bicavera+glucosa+calcio+1%2C75+mmol%2Fl_26232
690180,"BICETIL Comp. 20/12,5 mg",http://vademecum.es/medicamento-bicetil_ficha_430
651087,BIDICLIN Comp. gastrorresistente liberación prolongada 5 mg,http://vademecum.es/medicamento-bidiclin_28823
651088,BIDICLIN Comp. gastrorresistente liberación prolongada 5 mg,http://vademecum.es/medicamento-bidiclin_28823
696661,BIFOAL SEMANAL Comp. recub. con película 70 mg,http://vademecum.es/medicamento-bifoal+semanal_41240
997668,,http://vademecum.es/medicamento-bifokey_435
799262,,http://vademecum.es/medicamento-bifokey_435
672817,BILAXTEN Comp. 20 mg,http://vademecum.es/medicamento-bilaxten_36385
682120,"BILINA Colirio en suspensión 0,5 mg/ml",http://vademecum.es/medicamento-bilina_4709
682112,BILINA Susp. para nebulización nasal 50 mcg/aplicación,http://vademecum.es/medicamento-bilina_4710
653931,BILINA Susp. para nebulización nasal 50 mcg/aplicación,http://vademecum.es/medicamento-bilina_4710
653835,BIMADE Comp. 30 mg/10 mg,http://vademecum.es/medicamento-bimade_29709
665971,"BINOCRIT Jeringa prec 20000UI/0,5 ml",http://vademecum.es/medicamento-binocrit_37165
665972,"BINOCRIT Jeringa prec 30000UI/0,75 ml",http://vademecum.es/medicamento-binocrit_37166
665973,BINOCRIT Jeringa prec 40000UI/1 ml,http://vademecum.es/medicamento-binocrit_37167
660519,"BINOCRIT Sol. iny. en jeringa prec 1000 UI/0,5 ml",http://vademecum.es/medicamento-binocrit_32127
660527,BINOCRIT Sol. iny. en jeringa prec 10000 UI/1 ml,http://vademecum.es/medicamento-binocrit_32134
660520,BINOCRIT Sol. iny. en jeringa prec 2000 UI/1 ml,http://vademecum.es/medicamento-binocrit_32128
603240,,http://vademecum.es/medicamento-binocrit_34761
664553,,http://vademecum.es/medicamento-binocrit_34761
660521,"BINOCRIT Sol. iny. en jeringa prec 3000 UI/0,3 ml",http://vademecum.es/medicamento-binocrit_32129
603289,,http://vademecum.es/medicamento-binocrit_34762
664103,,http://vademecum.es/medicamento-binocrit_34762
660523,"BINOCRIT Sol. iny. en jeringa prec 4000 UI/0,4 ml",http://vademecum.es/medicamento-binocrit_32130
603238,,http://vademecum.es/medicamento-binocrit_34763
664104,,http://vademecum.es/medicamento-binocrit_34763
660524,"BINOCRIT Sol. iny. en jeringa prec 5000 UI/0,5 ml",http://vademecum.es/medicamento-binocrit_32131
660525,"BINOCRIT Sol. iny. en jeringa prec 6000 UI/0,6 ml",http://vademecum.es/medicamento-binocrit_32132
661692,,http://vademecum.es/medicamento-binocrit_32766
660526,"BINOCRIT Sol. iny. en jeringa prec 8000 UI/0,8 ml",http://vademecum.es/medicamento-binocrit_32133
661693,,http://vademecum.es/medicamento-binocrit_32767
691321,BINOSTO Comp. efervescente 70 mg,http://vademecum.es/medicamento-binosto_ficha_40043
659190,BIOBICA Comp. recub. con película 50 mg,http://vademecum.es/medicamento-biobica_31506
718353,BIOCORYL Sol. iny. 100 mg/ml,http://vademecum.es/medicamento-biocoryl_457
978478,BIODRAMINA Chicle medicamentoso 20 mg,http://vademecum.es/medicamento-biodramina_19608
978486,BIODRAMINA Chicle medicamentoso 20 mg,http://vademecum.es/medicamento-biodramina_19608
718445,BIODRAMINA Comp. 50 mg,http://vademecum.es/medicamento-biodramina_17256
718460,BIODRAMINA Comp. 50 mg,http://vademecum.es/medicamento-biodramina_17256
740308,BIODRAMINA Sol. oral inf. 4 mg/ml,http://vademecum.es/medicamento-biodramina_28112
718437,,http://vademecum.es/medicamento-biodramina_17271
718395,BIODRAMINA CAFEINA Comp.,http://vademecum.es/medicamento-biodramina+cafeina_18364
718411,BIODRAMINA CAFEINA Comp.,http://vademecum.es/medicamento-biodramina+cafeina_18364
661038,BIODRAMINA INFANTIL Comp. recub. con película 25 mg,http://vademecum.es/medicamento-biodramina+infantil_32504
661039,BIODRAMINA INFANTIL Comp. recub. con película 25 mg,http://vademecum.es/medicamento-biodramina+infantil_32504
695761,BIODRAMINA INFANTIL Sol. oral 24 mg,http://vademecum.es/medicamento-biodramina+infantil_41097
673127,,http://vademecum.es/medicamento-biolid_23247
673128,,http://vademecum.es/medicamento-biolid_23247
718627,,http://vademecum.es/medicamento-biominol_17679
672976,BIOPLAK Comp. 125 mg,http://vademecum.es/medicamento-bioplak_ficha_4535
605120,BIOPLAK Comp. 125 mg,http://vademecum.es/medicamento-bioplak_ficha_4535
672099,BIOPLAK Comp. 250 mg,http://vademecum.es/medicamento-bioplak_ficha_4536
718767,BIOSELENIUM Susp. 25 mg/ml,http://vademecum.es/medicamento-bioselenium_17331
718759,BIOSELENIUM Susp. 25 mg/ml,http://vademecum.es/medicamento-bioselenium_17331
736686,"BIPRETERAX 4/1,25 mg Comp. 4/1,25 mg",http://vademecum.es/medicamento-bipreterax+4%2F1%2C25+mg_26872
602201,"BIPRETERAX 4/1,25 mg Comp. 4/1,25 mg",http://vademecum.es/medicamento-bipreterax+4%2F1%2C25+mg_26872
624379,"BIPRETERAX 4/1,25 mg Comp. 4/1,25 mg",http://vademecum.es/medicamento-bipreterax+4%2F1%2C25+mg_26872
603170,"BIPRETERAX 8/2,5 mg Comp. 8/2,5 mg",http://vademecum.es/medicamento-bipreterax+8%2F2%2C5+mg_33574
663103,"BIPRETERAX 8/2,5 mg Comp. 8/2,5 mg",http://vademecum.es/medicamento-bipreterax+8%2F2%2C5+mg_33574
692825,BISOLFREN Comp. recub. con película 200/30 mg,http://vademecum.es/medicamento-bisolfren_40632
692826,BISOLFREN Comp. recub. con película 200/30 mg,http://vademecum.es/medicamento-bisolfren_40632
991893,BISOLGRIP Granulado para sol. oral,http://vademecum.es/medicamento-bisolgrip_468
746388,BISOLGRIP FORTE Polvo para sol. oral 650 mg/10 mg/4 mg,http://vademecum.es/medicamento-bisolgrip+forte_28162
652792,BISOLTUS Sol. oral 2 mg/ml,http://vademecum.es/medicamento-bisoltus_469
799296,BISOLTUS Sol. oral 2 mg/ml,http://vademecum.es/medicamento-bisoltus_469
971747,BISOLVON ANTITUSIVO Jarabe 2 mg/ml,http://vademecum.es/medicamento-bisolvon+antitusivo_19647
664286,BISOLVON ANTITUSIVO Sol. oral 15 mg,http://vademecum.es/medicamento-bisolvon+antitusivo_34732
660405,"BISOLVON ANTITUSIVO COMPOSITUM Sol. oral 3 mg/ml + 1,5 mg/ml",http://vademecum.es/medicamento-bisolvon+antitusivo+compositum_32117
710629,BISOLVON EXPECTORANTE Jarabe,http://vademecum.es/medicamento-bisolvon+expectorante_45209
704186,BISOLVON MUCO Comp. efervescente 600 mg,http://vademecum.es/medicamento-bisolvon+muco_44599
684635,,http://vademecum.es/medicamento-bisolvon+mucolitico_38224
684636,,http://vademecum.es/medicamento-bisolvon+mucolitico_38224
650632,"BISOLVON MUCOLITICO Jarabe 1,6 mg/ml",http://vademecum.es/medicamento-bisolvon+mucolitico_28671
702687,,http://vademecum.es/medicamento-bisolvon+mucolitico_43625
702689,,http://vademecum.es/medicamento-bisolvon+mucolitico_43625
701093,"BISOLVON MUCOLITICO INFANTIL Jarabe 0,8 mg/ml",http://vademecum.es/medicamento-bisolvon+mucolitico+infantil_42894
685139,,http://vademecum.es/medicamento-bisoprolol+amneal_38377
685140,,http://vademecum.es/medicamento-bisoprolol+amneal_38377
685136,,http://vademecum.es/medicamento-bisoprolol+amneal_38378
685137,,http://vademecum.es/medicamento-bisoprolol+amneal_38378
703013,BISOPROLOL CINFA Comp. 10 mg,http://vademecum.es/medicamento-bisoprolol+cinfa_43759
703014,BISOPROLOL CINFA Comp. 10 mg,http://vademecum.es/medicamento-bisoprolol+cinfa_43759
703015,BISOPROLOL CINFA Comp. 10 mg,http://vademecum.es/medicamento-bisoprolol+cinfa_43759
703016,BISOPROLOL CINFA Comp. 10 mg,http://vademecum.es/medicamento-bisoprolol+cinfa_43759
703018,BISOPROLOL CINFA Comp. 10 mg,http://vademecum.es/medicamento-bisoprolol+cinfa_43759
703019,BISOPROLOL CINFA Comp. 10 mg,http://vademecum.es/medicamento-bisoprolol+cinfa_43759
703011,"BISOPROLOL CINFA Comp. 2,5 mg",http://vademecum.es/medicamento-bisoprolol+cinfa_43760
703012,"BISOPROLOL CINFA Comp. 2,5 mg",http://vademecum.es/medicamento-bisoprolol+cinfa_43760
703004,BISOPROLOL CINFA Comp. 5 mg,http://vademecum.es/medicamento-bisoprolol+cinfa_43761
703005,BISOPROLOL CINFA Comp. 5 mg,http://vademecum.es/medicamento-bisoprolol+cinfa_43761
703006,BISOPROLOL CINFA Comp. 5 mg,http://vademecum.es/medicamento-bisoprolol+cinfa_43761
703007,BISOPROLOL CINFA Comp. 5 mg,http://vademecum.es/medicamento-bisoprolol+cinfa_43761
703008,BISOPROLOL CINFA Comp. 5 mg,http://vademecum.es/medicamento-bisoprolol+cinfa_43761
703010,BISOPROLOL CINFA Comp. 5 mg,http://vademecum.es/medicamento-bisoprolol+cinfa_43761
689824,BISOPROLOL COR AMNEAL Comp. recub. con película 10 mg,http://vademecum.es/medicamento-bisoprolol+cor+amneal_42454
689808,"BISOPROLOL COR AMNEAL Comp. recub. con película 2,5 mg",http://vademecum.es/medicamento-bisoprolol+cor+amneal_42455
689816,BISOPROLOL COR AMNEAL Comp. recub. con película 5 mg,http://vademecum.es/medicamento-bisoprolol+cor+amneal_42456
673500,BISOPROLOL COR MYLAN Comp. recub. con película 10 mg,http://vademecum.es/medicamento-bisoprolol+cor+mylan_37395
673443,"BISOPROLOL COR MYLAN Comp. recub. con película 2,5 mg",http://vademecum.es/medicamento-bisoprolol+cor+mylan_37396
673466,BISOPROLOL COR MYLAN Comp. recub. con película 5 mg,http://vademecum.es/medicamento-bisoprolol+cor+mylan_37397
670003,"BISOPROLOL COR SANDOZ Comp. recub. con película 1,25 mg",http://vademecum.es/medicamento-bisoprolol+cor+sandoz_37168
605141,BISOPROLOL COR SANDOZ Comp. recub. con película 10 mg,http://vademecum.es/medicamento-bisoprolol+cor+sandoz_37169
670038,BISOPROLOL COR SANDOZ Comp. recub. con película 10 mg,http://vademecum.es/medicamento-bisoprolol+cor+sandoz_37169
670039,BISOPROLOL COR SANDOZ Comp. recub. con película 10 mg,http://vademecum.es/medicamento-bisoprolol+cor+sandoz_37169
670043,BISOPROLOL COR SANDOZ Comp. recub. con película 10 mg,http://vademecum.es/medicamento-bisoprolol+cor+sandoz_37169
605144,"BISOPROLOL COR SANDOZ Comp. recub. con película 2,5 mg",http://vademecum.es/medicamento-bisoprolol+cor+sandoz_37170
670014,"BISOPROLOL COR SANDOZ Comp. recub. con película 2,5 mg",http://vademecum.es/medicamento-bisoprolol+cor+sandoz_37170
605142,BISOPROLOL COR SANDOZ Comp. recub. con película 5 mg,http://vademecum.es/medicamento-bisoprolol+cor+sandoz_37171
670030,BISOPROLOL COR SANDOZ Comp. recub. con película 5 mg,http://vademecum.es/medicamento-bisoprolol+cor+sandoz_37171
673872,BISOPROLOL COR SANDOZ Comp. recub. con película 5 mg,http://vademecum.es/medicamento-bisoprolol+cor+sandoz_37171
673873,BISOPROLOL COR SANDOZ Comp. recub. con película 5 mg,http://vademecum.es/medicamento-bisoprolol+cor+sandoz_37171
665621,,http://vademecum.es/medicamento-bisoprolol+edigen_35738
665622,,http://vademecum.es/medicamento-bisoprolol+edigen_35738
665587,,http://vademecum.es/medicamento-bisoprolol+edigen_35739
665619,,http://vademecum.es/medicamento-bisoprolol+edigen_35739
702239,BISOPROLOL KRKA Comp. recub. con película 10 mg,http://vademecum.es/medicamento-bisoprolol+krka_43529
702240,BISOPROLOL KRKA Comp. recub. con película 10 mg,http://vademecum.es/medicamento-bisoprolol+krka_43529
606437,BISOPROLOL KRKA Comp. recub. con película 10 mg,http://vademecum.es/medicamento-bisoprolol+krka_43529
705261,BISOPROLOL KRKA Comp. recub. con película 10 mg,http://vademecum.es/medicamento-bisoprolol+krka_43529
702154,"BISOPROLOL KRKA Comp. recub. con película 2,5",http://vademecum.es/medicamento-bisoprolol+krka_43530
606433,"BISOPROLOL KRKA Comp. recub. con película 2,5",http://vademecum.es/medicamento-bisoprolol+krka_43530
702243,BISOPROLOL KRKA Comp. recub. con película 5 mg,http://vademecum.es/medicamento-bisoprolol+krka_43531
702244,BISOPROLOL KRKA Comp. recub. con película 5 mg,http://vademecum.es/medicamento-bisoprolol+krka_43531
606438,BISOPROLOL KRKA Comp. recub. con película 5 mg,http://vademecum.es/medicamento-bisoprolol+krka_43531
705262,BISOPROLOL KRKA Comp. recub. con película 5 mg,http://vademecum.es/medicamento-bisoprolol+krka_43531
673564,BISOPROLOL MYLAN PHARMACEUTICALS Comp. recub. con película 10 mg,http://vademecum.es/medicamento-bisoprolol+mylan+pharmaceuticals_37398
673568,BISOPROLOL MYLAN PHARMACEUTICALS Comp. recub. con película 10 mg,http://vademecum.es/medicamento-bisoprolol+mylan+pharmaceuticals_37398
673543,BISOPROLOL MYLAN PHARMACEUTICALS Comp. recub. con película 5 mg,http://vademecum.es/medicamento-bisoprolol+mylan+pharmaceuticals_37399
673546,BISOPROLOL MYLAN PHARMACEUTICALS Comp. recub. con película 5 mg,http://vademecum.es/medicamento-bisoprolol+mylan+pharmaceuticals_37399
603356,"BISOPROLOL NORMON Comp. recub. con película 2,5 mg",http://vademecum.es/medicamento-bisoprolol+normon_35239
665193,"BISOPROLOL NORMON Comp. recub. con película 2,5 mg",http://vademecum.es/medicamento-bisoprolol+normon_35239
867937,BISOPROLOL NORMON EFG Comp. recub. con película 10 mg,http://vademecum.es/medicamento-bisoprolol+normon+efg_26644
868083,BISOPROLOL NORMON EFG Comp. recub. con película 10 mg,http://vademecum.es/medicamento-bisoprolol+normon+efg_26644
630079,BISOPROLOL NORMON EFG Comp. recub. con película 10 mg,http://vademecum.es/medicamento-bisoprolol+normon+efg_26644
865048,BISOPROLOL NORMON EFG Comp. recub. con película 5 mg,http://vademecum.es/medicamento-bisoprolol+normon+efg_26643
865089,BISOPROLOL NORMON EFG Comp. recub. con película 5 mg,http://vademecum.es/medicamento-bisoprolol+normon+efg_26643
629550,BISOPROLOL NORMON EFG Comp. recub. con película 5 mg,http://vademecum.es/medicamento-bisoprolol+normon+efg_26643
713624,BISOPROLOL PENSA Comp. 10 mg,http://vademecum.es/medicamento-bisoprolol+pensa_45564
713625,BISOPROLOL PENSA Comp. 10 mg,http://vademecum.es/medicamento-bisoprolol+pensa_45564
713626,BISOPROLOL PENSA Comp. 10 mg,http://vademecum.es/medicamento-bisoprolol+pensa_45564
713616,"BISOPROLOL PENSA Comp. 2,5 mg",http://vademecum.es/medicamento-bisoprolol+pensa_45565
713618,BISOPROLOL PENSA Comp. 5 mg,http://vademecum.es/medicamento-bisoprolol+pensa_45566
713619,BISOPROLOL PENSA Comp. 5 mg,http://vademecum.es/medicamento-bisoprolol+pensa_45566
713620,BISOPROLOL PENSA Comp. 5 mg,http://vademecum.es/medicamento-bisoprolol+pensa_45566
653276,BISOPROLOL RATIOPHARM EFG Comp. 10 mg,http://vademecum.es/medicamento-bisoprolol+ratiopharm+efg_23249
661777,BISOPROLOL RATIOPHARM EFG Comp. 10 mg,http://vademecum.es/medicamento-bisoprolol+ratiopharm+efg_23249
605642,BISOPROLOL RATIOPHARM EFG Comp. 10 mg,http://vademecum.es/medicamento-bisoprolol+ratiopharm+efg_23249
653275,BISOPROLOL RATIOPHARM EFG Comp. 5 mg,http://vademecum.es/medicamento-bisoprolol+ratiopharm+efg_23248
605741,BISOPROLOL RATIOPHARM EFG Comp. 5 mg,http://vademecum.es/medicamento-bisoprolol+ratiopharm+efg_23248
661793,BISOPROLOL RATIOPHARM EFG Comp. 5 mg,http://vademecum.es/medicamento-bisoprolol+ratiopharm+efg_23248
610022,BISOPROLOL TARBIS EFG Comp. 10 mg,http://vademecum.es/medicamento-bisoprolol+tarbis+efg_24903
656970,BISOPROLOL TARBIS EFG Comp. 10 mg,http://vademecum.es/medicamento-bisoprolol+tarbis+efg_24903
656971,BISOPROLOL TARBIS EFG Comp. 10 mg,http://vademecum.es/medicamento-bisoprolol+tarbis+efg_24903
859306,BISOPROLOL TARBIS EFG Comp. 5 mg,http://vademecum.es/medicamento-bisoprolol+tarbis+efg_24904
610006,BISOPROLOL TARBIS EFG Comp. 5 mg,http://vademecum.es/medicamento-bisoprolol+tarbis+efg_24904
656969,BISOPROLOL TARBIS EFG Comp. 5 mg,http://vademecum.es/medicamento-bisoprolol+tarbis+efg_24904
677207,"BISOPROLOL TEVA Comp. 2,5 mg",http://vademecum.es/medicamento-bisoprolol+teva_41098
652076,BISOPROLOL TEVA EFG Comp. recub. con película 10 mg,http://vademecum.es/medicamento-bisoprolol+teva+efg_29089
653829,BISOPROLOL TEVA EFG Comp. recub. con película 10 mg,http://vademecum.es/medicamento-bisoprolol+teva+efg_29089
652077,BISOPROLOL TEVA EFG Comp. recub. con película 5 mg,http://vademecum.es/medicamento-bisoprolol+teva+efg_29090
653828,BISOPROLOL TEVA EFG Comp. recub. con película 5 mg,http://vademecum.es/medicamento-bisoprolol+teva+efg_29090
669932,BISOPROLOL/HIDROCLOROTIAZIDA KERN PHARMA Comp. recub. con película 10/25 mg,http://vademecum.es/medicamento-bisoprolol%2Fhidroclorotiazida+kern+pharma_39749
669936,BISOPROLOL/HIDROCLOROTIAZIDA KERN PHARMA Comp. recub. con película 10/25 mg,http://vademecum.es/medicamento-bisoprolol%2Fhidroclorotiazida+kern+pharma_39749
696453,BISOPROLOL/HIDROCLOROTIAZIDA KERN PHARMA Comp. recub. con película 10/25 mg,http://vademecum.es/medicamento-bisoprolol%2Fhidroclorotiazida+kern+pharma_39749
696454,BISOPROLOL/HIDROCLOROTIAZIDA KERN PHARMA Comp. recub. con película 10/25 mg,http://vademecum.es/medicamento-bisoprolol%2Fhidroclorotiazida+kern+pharma_39749
660648,BISOPROLOL/HIDROCLOROTIAZIDA TEVA Comp. recub. con película 10/25 mg,http://vademecum.es/medicamento-bisoprolol%2Fhidroclorotiazida+teva_32246
660649,BISOPROLOL/HIDROCLOROTIAZIDA TEVA Comp. recub. con película 10/25 mg,http://vademecum.es/medicamento-bisoprolol%2Fhidroclorotiazida+teva_32246
864488,,http://vademecum.es/medicamento-bitensil_476
695502,,http://vademecum.es/medicamento-bitensil+diu_478
714074,BIVALIRUDINA ACCORD Polvo concentrado sol. iny. y perfusión 250 mg,http://vademecum.es/medicamento-bivalirudina+accord_45567
711001,BIVALIRUDINA SALA Polvo para concentrado para sol. iny. 250 mg,http://vademecum.es/medicamento-bivalirudina+sala_45383
719351,BLASTOESTIMULINA Polvo 2%,http://vademecum.es/medicamento-blastoestimulina_ficha_17681
650010,BLASTOESTIMULINA Pom. 1%,http://vademecum.es/medicamento-blastoestimulina_ficha_480
609909,BLASTOESTIMULINA Pom. 1%,http://vademecum.es/medicamento-blastoestimulina_ficha_480
719385,BLASTOESTIMULINA Pom. 1%,http://vademecum.es/medicamento-blastoestimulina_ficha_480
961557,BLASTOESTIMULINA OVULOS Óvulo vaginal,http://vademecum.es/medicamento-blastoestimulina+ovulos_ficha_479
737262,BLASTON Comp. 1 mg,http://vademecum.es/medicamento-blaston_20122
792382,,http://vademecum.es/medicamento-blaston_20253
737254,,http://vademecum.es/medicamento-blaston_20121
600783,BLEOMICINA MYLAN Polvo y disolv. para sol. iny. 15000 UI,http://vademecum.es/medicamento-bleomicina+mylan_483
672703,BLEOMICINA MYLAN Polvo y disolv. para sol. iny. 15000 UI,http://vademecum.es/medicamento-bleomicina+mylan_483
674963,BLISSEL Gel vaginal 50 mcg/g,http://vademecum.es/medicamento-blissel_38225
684560,BLISSEL Gel vaginal 50 mcg/g,http://vademecum.es/medicamento-blissel_38225
700484,BLOKIUM Comp. 100 mg,http://vademecum.es/medicamento-blokium_484
700542,BLOKIUM Comp. 100 mg,http://vademecum.es/medicamento-blokium_484
700591,BLOKIUM Comp. 50 mg,http://vademecum.es/medicamento-blokium_485
701151,BLOKIUM Comp. 50 mg,http://vademecum.es/medicamento-blokium_485
964841,BLOKIUM-DIU Comp. 100/25 mg,http://vademecum.es/medicamento-blokium-diu_486
989996,BLOKIUM-DIU Comp. 100/25 mg,http://vademecum.es/medicamento-blokium-diu_486
656873,BLOPRESS Comp. 16 mg,http://vademecum.es/medicamento-blopress_26875
650381,BLOPRESS Comp. 32 mg,http://vademecum.es/medicamento-blopress_28355
656872,BLOPRESS Comp. 4 mg,http://vademecum.es/medicamento-blopress_26877
656874,BLOPRESS Comp. 8 mg,http://vademecum.es/medicamento-blopress_26878
663107,BLOPRESS FORTE Comp. 32 mg/25 mg,http://vademecum.es/medicamento-blopress+forte_33606
705046,"BLOPRESS PLUS Comp. 16/12,5 g",http://vademecum.es/medicamento-blopress+plus_27955
663106,"BLOPRESS PLUS Comp. 32 mg/12,5 mg",http://vademecum.es/medicamento-blopress+plus_33605
701739,BLUXAM Susp. iny. 20 mg/ml,http://vademecum.es/medicamento-bluxam_43499
712274,BOCOUTURE Polvo para sol. iny. 100 UI,http://vademecum.es/medicamento-bocouture_45568
674724,"BOCOUTURE Polvo para sol. iny. 4 unidades /0,1 ml",http://vademecum.es/medicamento-bocouture_36167
674725,"BOCOUTURE Polvo para sol. iny. 4 unidades /0,1 ml",http://vademecum.es/medicamento-bocouture_36167
605577,"BOCOUTURE Polvo para sol. iny. 4 unidades /0,1 ml",http://vademecum.es/medicamento-bocouture_36167
700664,BOI-K Comp. efervescente 390/250 mg,http://vademecum.es/medicamento-boi-k_ficha_489
700665,BOI-K Comp. efervescente 390/250 mg,http://vademecum.es/medicamento-boi-k_ficha_489
719716,BOI-K Comp. efervescente 390/250 mg,http://vademecum.es/medicamento-boi-k_ficha_489
719724,BOI-K Comp. efervescente 390/250 mg,http://vademecum.es/medicamento-boi-k_ficha_489
719708,BOI-K ASPARTICO Comp. efervescente 25 mEq/500 mg/350 mg,http://vademecum.es/medicamento-boi-k+aspartico_ficha_490
694670,,http://vademecum.es/medicamento-bolsor_40814
697167,,http://vademecum.es/medicamento-bolsor_41470
696294,"BOLTIN Comp. 2,5 mg",http://vademecum.es/medicamento-boltin_492
706655,BONALFA Pom. 4 mcg/g,http://vademecum.es/medicamento-bonalfa_21409
706903,BONALFA Pom. 4 mcg/g,http://vademecum.es/medicamento-bonalfa_21409
651197,BONDRONAT Comp. recub. con película 50 mg,http://vademecum.es/medicamento-bondronat_29091
650496,,http://vademecum.es/medicamento-bondronat_28629
651196,,http://vademecum.es/medicamento-bondronat_29092
688812,BONEFOS Cáps. dura 400 mg,http://vademecum.es/medicamento-bonefos_494
686055,BONEFOS Cáps. dura 400 mg,http://vademecum.es/medicamento-bonefos_494
697029,BONEFOS Cáps. dura 400 mg,http://vademecum.es/medicamento-bonefos_494
697030,BONEFOS Cáps. dura 400 mg,http://vademecum.es/medicamento-bonefos_494
658771,BONESIL D FLAS Comp. bucodispersable 1500 mg/400 UI,http://vademecum.es/medicamento-bonesil+d+flas_31066
651557,BONVIVA Comp. recub. con película 150 mg,http://vademecum.es/medicamento-bonviva_29256
653346,BONVIVA Comp. recub. con película 150 mg,http://vademecum.es/medicamento-bonviva_29256
651557,BONVIVA Comp. recub. con película 150 mg,http://vademecum.es/medicamento-bonviva_29256
653346,BONVIVA Comp. recub. con película 150 mg,http://vademecum.es/medicamento-bonviva_29256
731349,"BOOSTRIX Susp. iny. en jeringa precargada 0,5 ml",http://vademecum.es/medicamento-boostrix_24907
606863,"BOOSTRIX Susp. iny. en jeringa precargada 0,5 ml",http://vademecum.es/medicamento-boostrix_24907
650433,BOOSTRIX POLIO Susp. iny. Jeringa prec,http://vademecum.es/medicamento-boostrix+polio_28357
659698,BOREA Comp. 160 mg,http://vademecum.es/medicamento-borea_498
645317,BOREA Comp. 160 mg,http://vademecum.es/medicamento-borea_498
661496,BOREA Granulado 160 mg,http://vademecum.es/medicamento-borea_21194
612820,BOREA Granulado 160 mg,http://vademecum.es/medicamento-borea_21194
706399,BOSENTAN ACCORDPHARMA Comp. recub. con película 125 mg,http://vademecum.es/medicamento-bosentan+accordpharma_44526
706401,"BOSENTAN ACCORDPHARMA Comp. recub. con película 62,5 mg",http://vademecum.es/medicamento-bosentan+accordpharma_44527
707225,BOSENTAN KERN PHARMA Comp. recub. con película 125 mg,http://vademecum.es/medicamento-bosentan+kern+pharma_44528
707228,"BOSENTAN KERN PHARMA Comp. recub. con película 62,5 mg",http://vademecum.es/medicamento-bosentan+kern+pharma_44529
706395,BOSENTAN SANDOZ Comp. recub. con película 125 mg,http://vademecum.es/medicamento-bosentan+sandoz_44530
706397,"BOSENTAN SANDOZ Comp. recub. con película 62,5 mg",http://vademecum.es/medicamento-bosentan+sandoz_44531
700444,,http://vademecum.es/medicamento-bosentan+zentiva_42782
700445,,http://vademecum.es/medicamento-bosentan+zentiva_42782
700452,,http://vademecum.es/medicamento-bosentan+zentiva_42783
700453,,http://vademecum.es/medicamento-bosentan+zentiva_42783
807339,BOSPORON Comp. recub. con película 8 mg,http://vademecum.es/medicamento-bosporon_22236
807370,BOSPORON Comp. recub. con película 8 mg,http://vademecum.es/medicamento-bosporon_22236
650383,BOSPORON RAPID Comp. recub. con película 8 mg,http://vademecum.es/medicamento-bosporon+rapid_28359
697792,BOSULIF Comp. recub. con película 100 mg,http://vademecum.es/medicamento-bosulif_ficha_41645
697793,BOSULIF Comp. recub. con película 500 mg,http://vademecum.es/medicamento-bosulif_ficha_41646
760702,,http://vademecum.es/medicamento-botinit_1730
888172,BOTOX Polvo para sol. iny. 100 Unidades ALLERGAN,http://vademecum.es/medicamento-botox_23250
605424,BOTOX Polvo para sol. iny. 100 Unidades ALLERGAN,http://vademecum.es/medicamento-botox_23250
670615,,http://vademecum.es/medicamento-botox_37400
605396,BOTOX Polvo para sol. iny. 50 Unidades ALLERGAN,http://vademecum.es/medicamento-botox_37401
670614,BOTOX Polvo para sol. iny. 50 Unidades ALLERGAN,http://vademecum.es/medicamento-botox_37401
996181,BRAINAL Comp. recub. con película 30 mg,http://vademecum.es/medicamento-brainal_501
996199,BRAINAL Comp. recub. con película 30 mg,http://vademecum.es/medicamento-brainal_501
658774,BRAMITOB Sol. para inhal. por nebulizador 300 mg/4 ml,http://vademecum.es/medicamento-bramitob_31050
652310,BRAVELLE Polvo y disolv. para sol. iny. 75 UI,http://vademecum.es/medicamento-bravelle_29257
652311,BRAVELLE Polvo y disolv. para sol. iny. 75 UI,http://vademecum.es/medicamento-bravelle_29257
680907,BREAKYL Película bucal 1200 mcg,http://vademecum.es/medicamento-breakyl_39539
680908,BREAKYL Película bucal 1200 mcg,http://vademecum.es/medicamento-breakyl_39539
689404,BREAKYL Película bucal 200 mcg,http://vademecum.es/medicamento-breakyl_39540
689403,BREAKYL Película bucal 200 mcg,http://vademecum.es/medicamento-breakyl_39540
680895,BREAKYL Película bucal 400 mcg,http://vademecum.es/medicamento-breakyl_39541
680894,BREAKYL Película bucal 400 mcg,http://vademecum.es/medicamento-breakyl_39541
680899,BREAKYL Película bucal 600 mcg,http://vademecum.es/medicamento-breakyl_39542
680898,BREAKYL Película bucal 600 mcg,http://vademecum.es/medicamento-breakyl_39542
680903,BREAKYL Película bucal 800 mcg,http://vademecum.es/medicamento-breakyl_39543
680904,BREAKYL Película bucal 800 mcg,http://vademecum.es/medicamento-breakyl_39543
680911,,http://vademecum.es/medicamento-breakyl+inicio_39544
688671,BRENTAN Crema,http://vademecum.es/medicamento-brentan_508
693582,BRETARIS GENUAIR Polvo para inhal. 332 mcg/inhal.,http://vademecum.es/medicamento-bretaris+genuair_ficha_40645
670502,BREVIBLOC Sol. iny. 10 mg/ml,http://vademecum.es/medicamento-brevibloc_37973
673371,BREVIBLOC Sol. para perfusión 10 mg/ml,http://vademecum.es/medicamento-brevibloc_37974
664446,BRIDATEC Equipo reactivos preparación radiofarmac. 40 mg,http://vademecum.es/medicamento-bridatec_34836
603080,BRIDION Sol. iny. 100 mg/ml,http://vademecum.es/medicamento-bridion_32772
603081,BRIDION Sol. iny. 100 mg/ml,http://vademecum.es/medicamento-bridion_32772
603681,BRILIQUE Comp. recub. con película 90 mg,http://vademecum.es/medicamento-brilique_ficha_36797
665929,BRILIQUE Comp. recub. con película 90 mg,http://vademecum.es/medicamento-brilique_ficha_36797
705080,BRIMICA GENUAIR Polvo para inhalación 340 mcg/12 mcg,http://vademecum.es/medicamento-brimica+genuair_ficha_44457
672780,BRIMONIDINA CINFA Colirio en solución 2 mg/ml,http://vademecum.es/medicamento-brimonidina+cinfa_36168
696836,BRIMONIDINA KERN PHARMA Colirio en solución 2 mg/ml,http://vademecum.es/medicamento-brimonidina+kern+pharma_41256
663032,BRIMONIDINA MYLAN Colirio en solución 2 mg/ml,http://vademecum.es/medicamento-brimonidina+mylan_33498
663033,BRIMONIDINA MYLAN Colirio en solución 2 mg/ml,http://vademecum.es/medicamento-brimonidina+mylan_33498
662657,BRIMONIDINA TEVA Colirio en solución 2 mg/ml,http://vademecum.es/medicamento-brimonidina+teva_33325
710929,BRIMONIDINA VIR Colirio en sol. 2 mg/ml,http://vademecum.es/medicamento-brimonidina+vir_45210
665883,BRINAVESS Concentrado para sol. para perfusión 20 mg/ml,http://vademecum.es/medicamento-brinavess_36169
702057,BRINTELLIX Comp. recub. 10 mg,http://vademecum.es/medicamento-brintellix_43411
702058,BRINTELLIX Comp. recub. 20 mg,http://vademecum.es/medicamento-brintellix_43412
702056,BRINTELLIX Comp. recub. 5 mg,http://vademecum.es/medicamento-brintellix_43413
707352,BRINZOLAMIDA CINFA Colirio en suspensión 10 mg/ml,http://vademecum.es/medicamento-brinzolamida+cinfa_44662
706204,BRINZOLAMIDA RATIOPHARM Colirio en suspensión 10 mg/ml,http://vademecum.es/medicamento-brinzolamida+ratiopharm_44532
706456,BRINZOLAMIDA STADA Colirio en suspensión 10 mg/ml,http://vademecum.es/medicamento-brinzolamida+stada_44663
706205,BRINZOLAMIDA TEVA Colirio en suspensión 10 mg/ml,http://vademecum.es/medicamento-brinzolamida+teva_44533
934448,,http://vademecum.es/medicamento-brisair_25361
935312,,http://vademecum.es/medicamento-brisair_25361
600147,,http://vademecum.es/medicamento-brisair_25361
874735,,http://vademecum.es/medicamento-brisair_25358
600194,,http://vademecum.es/medicamento-brisair_25358
875369,,http://vademecum.es/medicamento-brisair_25359
600195,,http://vademecum.es/medicamento-brisair_25359
874719,,http://vademecum.es/medicamento-brisair_25360
600193,,http://vademecum.es/medicamento-brisair_25360
934398,,http://vademecum.es/medicamento-brisair+accuhaler_25362
600179,,http://vademecum.es/medicamento-brisair+accuhaler_25362
700541,,http://vademecum.es/medicamento-brisair+accuhaler_25362
934281,,http://vademecum.es/medicamento-brisair+accuhaler_25363
600149,,http://vademecum.es/medicamento-brisair+accuhaler_25363
700540,,http://vademecum.es/medicamento-brisair+accuhaler_25363
675538,BRISTACOL Comp. 10 mg,http://vademecum.es/medicamento-bristacol_20783
748384,BRISTACOL Comp. 20 mg,http://vademecum.es/medicamento-bristacol_4511
727396,BRISTACOL Comp. 40 mg,http://vademecum.es/medicamento-bristacol_21578
604991,BRISTACOL Comp. 40 mg,http://vademecum.es/medicamento-bristacol_21578
720524,BRITAPEN Cáps. 500 mg,http://vademecum.es/medicamento-britapen_516
654567,BRITAPEN Cáps. 500 mg,http://vademecum.es/medicamento-britapen_516
654575,BRITAPEN Comp. 1 g,http://vademecum.es/medicamento-britapen_517
654577,BRITAPEN Jarabe 250 mg/5 ml,http://vademecum.es/medicamento-britapen_518
604835,BRITAPEN Polvo y disolv. para sol. iny. 1 g,http://vademecum.es/medicamento-britapen_18440
797274,BRITAPEN Polvo y disolv. para sol. iny. 1 g,http://vademecum.es/medicamento-britapen_18440
656764,BRITAPEN Polvo y disolv. para sol. iny. 500 mg/2 ml,http://vademecum.es/medicamento-britapen_519
636266,BRITAPEN Polvo y disolv. para sol. iny. 500 mg/2 ml,http://vademecum.es/medicamento-britapen_519
710028,BRIVIACT Comp. recub. con película 100 mg,http://vademecum.es/medicamento-briviact_45140
710025,BRIVIACT Comp. recub. con película 25 mg,http://vademecum.es/medicamento-briviact_45143
710026,BRIVIACT Comp. recub. con película 50 mg,http://vademecum.es/medicamento-briviact_45144
710027,BRIVIACT Comp. recub. con película 75 mg,http://vademecum.es/medicamento-briviact_45145
710024,BRIVIACT Sol. iny. y para perfusión 10 mg/ml,http://vademecum.es/medicamento-briviact_45142
710029,BRIVIACT Sol. oral 10 mg/ml,http://vademecum.es/medicamento-briviact_45141
603642,"BROMAZEPAM KERN PHARMA Cáps. 1,5 mg",http://vademecum.es/medicamento-bromazepam+kern+pharma_36737
677308,"BROMAZEPAM KERN PHARMA Cáps. 1,5 mg",http://vademecum.es/medicamento-bromazepam+kern+pharma_36737
603643,BROMAZEPAM KERN PHARMA Cáps. 3 mg,http://vademecum.es/medicamento-bromazepam+kern+pharma_36738
677311,BROMAZEPAM KERN PHARMA Cáps. 3 mg,http://vademecum.es/medicamento-bromazepam+kern+pharma_36738
603564,"BROMAZEPAM NORMON Cáps. dura 1,5 mg",http://vademecum.es/medicamento-bromazepam+normon_36520
672900,"BROMAZEPAM NORMON Cáps. dura 1,5 mg",http://vademecum.es/medicamento-bromazepam+normon_36520
603565,BROMAZEPAM NORMON Cáps. dura 3 mg,http://vademecum.es/medicamento-bromazepam+normon_36521
672901,BROMAZEPAM NORMON Cáps. dura 3 mg,http://vademecum.es/medicamento-bromazepam+normon_36521
603650,"BROMAZEPAM PENSA Cáps. 1,5 mg",http://vademecum.es/medicamento-bromazepam+pensa_36739
677312,"BROMAZEPAM PENSA Cáps. 1,5 mg",http://vademecum.es/medicamento-bromazepam+pensa_36739
603649,BROMAZEPAM PENSA Cáps. 3 mg,http://vademecum.es/medicamento-bromazepam+pensa_36740
677313,BROMAZEPAM PENSA Cáps. 3 mg,http://vademecum.es/medicamento-bromazepam+pensa_36740
606114,,http://vademecum.es/medicamento-bromazepam+pharmakern_41647
697573,,http://vademecum.es/medicamento-bromazepam+pharmakern_41647
605801,"BROMAZEPAM STADA Cáps. dura 1,5 mg",http://vademecum.es/medicamento-bromazepam+stada_39360
688765,"BROMAZEPAM STADA Cáps. dura 1,5 mg",http://vademecum.es/medicamento-bromazepam+stada_39360
605802,,http://vademecum.es/medicamento-bromazepam+stada_39361
688766,,http://vademecum.es/medicamento-bromazepam+stada_39361
705817,"BROMAZEPAM TARBIS Cáps. dura 1,5 mg",http://vademecum.es/medicamento-bromazepam+tarbis_44385
705815,BROMAZEPAM TARBIS Cáps. dura 3 mg,http://vademecum.es/medicamento-bromazepam+tarbis_44386
705816,BROMAZEPAM TARBIS Cáps. dura 6 mg,http://vademecum.es/medicamento-bromazepam+tarbis_44313
672902,BROMAZEPAN NORMON Cáps. dura 6 mg,http://vademecum.es/medicamento-bromazepan+normon_36522
697575,,http://vademecum.es/medicamento-bromazepan+pharmakern_41648
606107,,http://vademecum.es/medicamento-bromazepan+pharmakern_41648
603145,BROMURO DE IPRATROPIO ALDO-UNION Sol. para inhal. por nebulizador 500 mcg,http://vademecum.es/medicamento-bromuro+de+ipratropio+aldo-union_ficha_33508
663046,BROMURO DE IPRATROPIO ALDO-UNION Sol. para inhal. por nebulizador 500 mcg,http://vademecum.es/medicamento-bromuro+de+ipratropio+aldo-union_ficha_33508
600499,BROMURO DE IPRATROPIO ALDO-UNION Sol. para nebulización 250 mcg/ml,http://vademecum.es/medicamento-bromuro+de+ipratropio+aldo-union_ficha_29710
600500,BROMURO DE IPRATROPIO ALDO-UNION Sol. para nebulización 250 mcg/ml,http://vademecum.es/medicamento-bromuro+de+ipratropio+aldo-union_ficha_29710
653830,BROMURO DE IPRATROPIO ALDO-UNION Sol. para nebulización 250 mcg/ml,http://vademecum.es/medicamento-bromuro+de+ipratropio+aldo-union_ficha_29710
653831,BROMURO DE IPRATROPIO ALDO-UNION Sol. para nebulización 250 mcg/ml,http://vademecum.es/medicamento-bromuro+de+ipratropio+aldo-union_ficha_29710
660943,,http://vademecum.es/medicamento-bromuro+de+ipratropio+teva_32440
665282,,http://vademecum.es/medicamento-bromuro+de+rocuronio+inibsa_35381
665283,,http://vademecum.es/medicamento-bromuro+de+rocuronio+inibsa_35381
704070,BRONCHOSTOP ANTITUSIVO Y EXPECTORANTE Sol. oral,http://vademecum.es/medicamento-bronchostop+antitusivo+y+expectorante_44534
703862,BRONCHOSTOP TOS Pastillas blandas,http://vademecum.es/medicamento-bronchostop+tos_44535
987537,BRONCO MEDICAL Jarabe,http://vademecum.es/medicamento-bronco+medical_18658
657783,,http://vademecum.es/medicamento-broncoral_21305
652118,BRONCORAL NEO Sol. para inhal. en envase a presión 12 mcg/puls.,http://vademecum.es/medicamento-broncoral+neo_29086
653729,BRONCORAL NEO Sol. para inhal. en envase a presión 12 mcg/puls.,http://vademecum.es/medicamento-broncoral+neo_29086
987974,BRONCOVIR Susp. oral,http://vademecum.es/medicamento-broncovir_532
885855,BRONQUIDIAZINA CR Susp. oral,http://vademecum.es/medicamento-bronquidiazina+cr_535
967745,BRONSAL Sol. iny. 250/2/200 mg,http://vademecum.es/medicamento-bronsal_538
688058,BUCCOLAM Sol. bucal 10 mg,http://vademecum.es/medicamento-buccolam_ficha_39150
688059,"BUCCOLAM Sol. bucal 2,5 mg",http://vademecum.es/medicamento-buccolam_ficha_39151
688063,BUCCOLAM Sol. bucal 5 mg,http://vademecum.es/medicamento-buccolam_ficha_39152
688064,"BUCCOLAM Sol. bucal 7,5 mg",http://vademecum.es/medicamento-buccolam_ficha_39153
702742,,http://vademecum.es/medicamento-bucomax_43763
702743,,http://vademecum.es/medicamento-bucomax_43763
702740,BUCOMAX Pastilla para chupar sabor menta,http://vademecum.es/medicamento-bucomax_43764
702741,BUCOMAX Pastilla para chupar sabor menta,http://vademecum.es/medicamento-bucomax_43764
702770,BUCOMAX Pastilla para chupar sabor miel y limón,http://vademecum.es/medicamento-bucomax_43765
702771,BUCOMAX Pastilla para chupar sabor miel y limón,http://vademecum.es/medicamento-bucomax_43765
695781,BUCOMAX CON LIDOCAINA Pastilla para chupar sabor menta,http://vademecum.es/medicamento-bucomax+con+lidocaina_41101
695782,BUCOMAX CON LIDOCAINA Pastilla para chupar sabor menta,http://vademecum.es/medicamento-bucomax+con+lidocaina_41101
695779,BUCOMAX CON LIDOCAINA Pastilla para chupar sabor miel y limón,http://vademecum.es/medicamento-bucomax+con+lidocaina_41102
695780,BUCOMAX CON LIDOCAINA Pastilla para chupar sabor miel y limón,http://vademecum.es/medicamento-bucomax+con+lidocaina_41102
695788,BUCOMAX CON LIDOCAINA Pastilla para chupar sabor naranja,http://vademecum.es/medicamento-bucomax+con+lidocaina_41103
695789,BUCOMAX CON LIDOCAINA Pastilla para chupar sabor naranja,http://vademecum.es/medicamento-bucomax+con+lidocaina_41103
722934,BUCOMETASANA Comp. para chupar,http://vademecum.es/medicamento-bucometasana_546
653899,BUCOMETASANA Comp. para chupar,http://vademecum.es/medicamento-bucometasana_546
705527,BUCOSIL Comp. para chupar 5 mg/2 mg,http://vademecum.es/medicamento-bucosil_44600
722926,"BUCOSPRAY AEROSOL Sol. para nebulización 15 mg/ml + 0,5 mg/ml",http://vademecum.es/medicamento-bucospray+aerosol_547
707797,BUCOXON Pastillas para chupar sabor menta,http://vademecum.es/medicamento-bucoxon_45087
708949,BUCOXON Pastillas para chupar sabor regaliz,http://vademecum.es/medicamento-bucoxon_45088
658691,,http://vademecum.es/medicamento-budena_31024
738328,BUDESONIDA ALCON Susp. para pulv. nasal  50 mcg/dosis,http://vademecum.es/medicamento-budesonida+alcon_2713
738278,BUDESONIDA ALCON Susp. para pulv. nasal 100 mcg/dosis,http://vademecum.es/medicamento-budesonida+alcon_2714
799015,BUDESONIDA ALDO-UNION Susp. para inhal. en envase a presión 200 mcg/puls,http://vademecum.es/medicamento-budesonida+aldo-union_ficha_20988
672718,BUDESONIDA ALDO-UNION Susp. para inhal. en envase a presión 200 mcg/puls,http://vademecum.es/medicamento-budesonida+aldo-union_ficha_20988
668905,BUDESONIDA ALDO-UNION Susp. para inhal. en envase a presión 50 mcg/puls,http://vademecum.es/medicamento-budesonida+aldo-union_ficha_20987
651628,"BUDESONIDA ALDO-UNION Susp. para inhal. por nebulizador 0,25 mg/ml",http://vademecum.es/medicamento-budesonida+aldo-union_ficha_29093
651629,"BUDESONIDA ALDO-UNION Susp. para inhal. por nebulizador 0,25 mg/ml",http://vademecum.es/medicamento-budesonida+aldo-union_ficha_29093
651626,"BUDESONIDA ALDO-UNION Susp. para inhal. por nebulizador 0,50 mg/ml",http://vademecum.es/medicamento-budesonida+aldo-union_ficha_29094
651627,"BUDESONIDA ALDO-UNION Susp. para inhal. por nebulizador 0,50 mg/ml",http://vademecum.es/medicamento-budesonida+aldo-union_ficha_29094
658368,BUDESONIDA ALDO-UNION EFG Susp. para pulv. nasal 64 mcg,http://vademecum.es/medicamento-budesonida+aldo-union+efg_ficha_30678
650966,BUDESONIDA EASYHALER Polvo para inhal. 100 mcg/dosis,http://vademecum.es/medicamento-budesonida+easyhaler_28824
650965,BUDESONIDA EASYHALER Polvo para inhal. 200 mcg/dosis,http://vademecum.es/medicamento-budesonida+easyhaler_28825
650967,BUDESONIDA EASYHALER Polvo para inhal. 400 mcg/dosis,http://vademecum.es/medicamento-budesonida+easyhaler_28826
668830,BUDESONIDA NASAL Susp.para pulv. nasal 100 mcg/dosis,http://vademecum.es/medicamento-budesonida+nasal_ficha_20989
656614,BUDESONIDA PULMICTAN Susp. infantil  para inhalación 50 mcg/dosis,http://vademecum.es/medicamento-budesonida+pulmictan_ficha_3325
656615,BUDESONIDA PULMICTAN Susp. para inhalación 200 mcg/dosis,http://vademecum.es/medicamento-budesonida+pulmictan_ficha_3324
686770,BUDESONIDA PULMICTAN Susp. para inhalación 200 mcg/dosis,http://vademecum.es/medicamento-budesonida+pulmictan_ficha_3324
702574,"BUFOMIX EASYHALER Polvo para inhal. 160/4,5 mcg",http://vademecum.es/medicamento-bufomix+easyhaler_43626
702575,BUFOMIX EASYHALER Polvo para inhal. 320/9 mcg,http://vademecum.es/medicamento-bufomix+easyhaler_43627
680300,BUNDISARIN Comp. de liberación prolongada 10 mg,http://vademecum.es/medicamento-bundisarin_37616
676373,,http://vademecum.es/medicamento-bunorfin_39924
676378,,http://vademecum.es/medicamento-bunorfin_39925
676384,,http://vademecum.es/medicamento-bunorfin_39926
739714,BUPIVACAINA B. BRAUN MINIPLASCO Sol. iny.  5 mg/ml,http://vademecum.es/medicamento-bupivacaina+b.+braun+miniplasco_23252
616458,BUPIVACAINA B. BRAUN MINIPLASCO Sol. iny.  5 mg/ml,http://vademecum.es/medicamento-bupivacaina+b.+braun+miniplasco_23252
739698,BUPIVACAINA B. BRAUN MINIPLASCO Sol. iny.  5 mg/ml,http://vademecum.es/medicamento-bupivacaina+b.+braun+miniplasco_23252
616466,BUPIVACAINA B. BRAUN MINIPLASCO Sol. iny.  5 mg/ml,http://vademecum.es/medicamento-bupivacaina+b.+braun+miniplasco_23252
739680,BUPIVACAINA B. BRAUN MINIPLASCO Sol. iny.  5 mg/ml,http://vademecum.es/medicamento-bupivacaina+b.+braun+miniplasco_23252
616474,BUPIVACAINA B. BRAUN MINIPLASCO Sol. iny.  5 mg/ml,http://vademecum.es/medicamento-bupivacaina+b.+braun+miniplasco_23252
739862,"BUPIVACAINA BRAUN MINIPLASCO Sol. iny.  2,5 mg/ml",http://vademecum.es/medicamento-bupivacaina+braun+miniplasco_23253
616482,"BUPIVACAINA BRAUN MINIPLASCO Sol. iny.  2,5 mg/ml",http://vademecum.es/medicamento-bupivacaina+braun+miniplasco_23253
739730,"BUPIVACAINA BRAUN MINIPLASCO Sol. iny.  2,5 mg/ml",http://vademecum.es/medicamento-bupivacaina+braun+miniplasco_23253
616508,"BUPIVACAINA BRAUN MINIPLASCO Sol. iny.  2,5 mg/ml",http://vademecum.es/medicamento-bupivacaina+braun+miniplasco_23253
739722,"BUPIVACAINA BRAUN MINIPLASCO Sol. iny.  2,5 mg/ml",http://vademecum.es/medicamento-bupivacaina+braun+miniplasco_23253
616607,"BUPIVACAINA BRAUN MINIPLASCO Sol. iny.  2,5 mg/ml",http://vademecum.es/medicamento-bupivacaina+braun+miniplasco_23253
739128,"BUPIVACAINA BRAUN MINIPLASCO Sol. iny. 7,5 mg/ml",http://vademecum.es/medicamento-bupivacaina+braun+miniplasco_23251
621433,"BUPIVACAINA BRAUN MINIPLASCO Sol. iny. 7,5 mg/ml",http://vademecum.es/medicamento-bupivacaina+braun+miniplasco_23251
739094,"BUPIVACAINA BRAUN MINIPLASCO Sol. iny. 7,5 mg/ml",http://vademecum.es/medicamento-bupivacaina+braun+miniplasco_23251
616441,"BUPIVACAINA BRAUN MINIPLASCO Sol. iny. 7,5 mg/ml",http://vademecum.es/medicamento-bupivacaina+braun+miniplasco_23251
868901,BUPIVACAINA HIP BRAUN Sol. iny. 5 mg/ml,http://vademecum.es/medicamento-bupivacaina+hip+braun_26693
630103,BUPIVACAINA HIP BRAUN Sol. iny. 5 mg/ml,http://vademecum.es/medicamento-bupivacaina+hip+braun_26693
671065,BUPIVACAINA INY. HIPERBARICA BRAUN Sol. iny. 5 mg/ml,http://vademecum.es/medicamento-bupivacaina+iny.+hiperbarica+braun_20929
671073,BUPIVACAINA INY. HIPERBARICA BRAUN Sol. iny. 5 mg/ml,http://vademecum.es/medicamento-bupivacaina+iny.+hiperbarica+braun_20929
649624,BUPIVACAINA INY. HIPERBARICA BRAUN Sol. iny. 5 mg/ml,http://vademecum.es/medicamento-bupivacaina+iny.+hiperbarica+braun_20929
649632,BUPIVACAINA INY. HIPERBARICA BRAUN Sol. iny. 5 mg/ml,http://vademecum.es/medicamento-bupivacaina+iny.+hiperbarica+braun_20929
673352,,http://vademecum.es/medicamento-buprenorfina+acino_40646
673356,,http://vademecum.es/medicamento-buprenorfina+acino_40647
673360,,http://vademecum.es/medicamento-buprenorfina+acino_40648
710030,BUPRENORFINA ARISTO Parche transdérmico 35 mcg/h,http://vademecum.es/medicamento-buprenorfina+aristo_45118
710031,BUPRENORFINA ARISTO Parche transdérmico 35 mcg/h,http://vademecum.es/medicamento-buprenorfina+aristo_45118
710032,"BUPRENORFINA ARISTO Parche transdérmico 52,5 mcg/h",http://vademecum.es/medicamento-buprenorfina+aristo_45119
710033,"BUPRENORFINA ARISTO Parche transdérmico 52,5 mcg/h",http://vademecum.es/medicamento-buprenorfina+aristo_45119
710034,BUPRENORFINA ARISTO Parche transdérmico 70 mcg/h,http://vademecum.es/medicamento-buprenorfina+aristo_45120
710035,BUPRENORFINA ARISTO Parche transdérmico 70 mcg/h,http://vademecum.es/medicamento-buprenorfina+aristo_45120
709852,BUPRENORFINA RATIOPHARM Parche transdérmico 35 mcg/h,http://vademecum.es/medicamento-buprenorfina+ratiopharm_45089
709853,"BUPRENORFINA RATIOPHARM Parche transdérmico 52,5 mcg/h",http://vademecum.es/medicamento-buprenorfina+ratiopharm_45090
709854,BUPRENORFINA RATIOPHARM Parche transdérmico 70 mcg/h,http://vademecum.es/medicamento-buprenorfina+ratiopharm_45091
709798,BUPRENORFINA SANDOZ Parche transdérmico 35 mcg/h,http://vademecum.es/medicamento-buprenorfina+sandoz_44856
709799,"BUPRENORFINA SANDOZ Parche transdérmico 52,5 mcg/h",http://vademecum.es/medicamento-buprenorfina+sandoz_44857
709800,BUPRENORFINA SANDOZ Parche transdérmico 70 mcg/h,http://vademecum.es/medicamento-buprenorfina+sandoz_44858
709012,BUPRENORFINA STADA Parche transdérmico 35 mcg/h,http://vademecum.es/medicamento-buprenorfina+stada_44859
709060,"BUPRENORFINA STADA Parche transdérmico 52,5 mcg/h",http://vademecum.es/medicamento-buprenorfina+stada_44860
709107,BUPRENORFINA STADA Parche transdérmico 70 mcg/h,http://vademecum.es/medicamento-buprenorfina+stada_44861
709826,BUPRENORFINA TEVA Parche transdérmico 35 mcg/h,http://vademecum.es/medicamento-buprenorfina+teva_45092
709827,"BUPRENORFINA TEVA Parche transdérmico 52,5 mcg/h",http://vademecum.es/medicamento-buprenorfina+teva_45093
709828,BUPRENORFINA TEVA Parche transdérmico 70 mcg/h,http://vademecum.es/medicamento-buprenorfina+teva_45094
967224,"BUPREX Comp. sublingual 0,2 mg",http://vademecum.es/medicamento-buprex_550
608117,"BUPREX Sol. iny. 0,3 mg/ml",http://vademecum.es/medicamento-buprex_549
679588,"BUPREX Sol. iny. 0,3 mg/ml",http://vademecum.es/medicamento-buprex_549
692827,BUSCAFEM Cáps. blanda 400 mg,http://vademecum.es/medicamento-buscafem_40966
692828,BUSCAFEM Cáps. blanda 400 mg,http://vademecum.es/medicamento-buscafem_40966
603985,BUSCAPINA Comp. recub. 10 mg,http://vademecum.es/medicamento-buscapina_557
656750,BUSCAPINA Comp. recub. 10 mg,http://vademecum.es/medicamento-buscapina_557
656753,BUSCAPINA Sol. iny. 20 mg,http://vademecum.es/medicamento-buscapina_556
603993,BUSCAPINA Sol. iny. 20 mg,http://vademecum.es/medicamento-buscapina_556
723130,BUSCAPINA Sup. 10 mg,http://vademecum.es/medicamento-buscapina_558
723098,BUSCAPINA COMPOSITUM Comp. recub. 250/10 mg,http://vademecum.es/medicamento-buscapina+compositum_560
604017,BUSCAPINA COMPOSITUM Comp. recub. 250/10 mg,http://vademecum.es/medicamento-buscapina+compositum_560
723106,BUSCAPINA COMPOSITUM Sol. iny. 2500/20 mg,http://vademecum.es/medicamento-buscapina+compositum_559
604025,BUSCAPINA COMPOSITUM Sol. iny. 2500/20 mg,http://vademecum.es/medicamento-buscapina+compositum_559
660371,BUSILVEX Concentrado para sol. para perfusión 6 mg/ml,http://vademecum.es/medicamento-busilvex_32310
917575,,http://vademecum.es/medicamento-busulfano+aspen_565
704227,BUSULFANO FRESENIUS KABI Concentrado para sol. para perfusión 6 mg/ml,http://vademecum.es/medicamento-busulfano+fresenius+kabi_44601
700656,BUTOSOL Susp.para inhalación envase a presión 100/50 mcg,http://vademecum.es/medicamento-butosol_ficha_569
768267,BUTOSOL Susp.para inhalación envase a presión 100/50 mcg,http://vademecum.es/medicamento-butosol_ficha_569
682802,BYDUREON Polvo disolv. sol. iny. lib. prolong. 2 mg jeringa,http://vademecum.es/medicamento-bydureon_ficha_38096
703897,BYDUREON Polvo disolv. sol. iny. lib. prolong. 2 mg pluma,http://vademecum.es/medicamento-bydureon_ficha_44148
658304,BYETTA Sol. iny. pluma precargada 10 mcg,http://vademecum.es/medicamento-byetta_ficha_31069
658301,BYETTA Sol. iny. pluma precargada 5 mcg,http://vademecum.es/medicamento-byetta_ficha_31068
