656584,"WARTEC Crema 1,5 mg/g",http://vademecum.es/medicamento-wartec_20973
656585,WARTEC Sol. cutánea 5 mg/ml,http://vademecum.es/medicamento-wartec_4298
698385,,http://vademecum.es/medicamento-welban_42114
918318,WELLVONE Susp. oral 750 mg/5 ml,http://vademecum.es/medicamento-wellvone_23161
650123,"WETIRIN Comp. 0,1 mg",http://vademecum.es/medicamento-wetirin_27851
815514,"WETIRIN Comp. 0,2 mg",http://vademecum.es/medicamento-wetirin_27850
701099,WIBICAL Comp. recub. con película 150 mg,http://vademecum.es/medicamento-wibical_38510
659492,WIBICAL Comp. recub. con película 50 mg,http://vademecum.es/medicamento-wibical_31592
688585,WILATE Polvo disolv para sol. iny 500 UI FvW/500 UI FVIII,http://vademecum.es/medicamento-wilate_39678
688714,WILATE Polvo disolv. sol. iny 1000 UI FvW/1000 UI FVIII,http://vademecum.es/medicamento-wilate_39677
677298,WILLFACT Polvo y disolv. para sol. iny. 1000 UI,http://vademecum.es/medicamento-willfact_37799
600071,WILZIN Cáps. dura 25 mg,http://vademecum.es/medicamento-wilzin_28774
600073,WILZIN Cáps. dura 50 mg,http://vademecum.es/medicamento-wilzin_28775
793620,,http://vademecum.es/medicamento-winstrol_4301
729707,,http://vademecum.es/medicamento-winstrol_4301
848663,WINSTROL DEPOT Susp. iny.  ampolla 50 mg/ml,http://vademecum.es/medicamento-winstrol+depot_4302
793372,WINSTROL DEPOT Susp. iny.  ampolla 50 mg/ml,http://vademecum.es/medicamento-winstrol+depot_4302
