662131,QLAIRA Comp. recub. con película,http://vademecum.es/medicamento-qlaira_33110
662132,QLAIRA Comp. recub. con película,http://vademecum.es/medicamento-qlaira_33110
661231,QUADRAMET INYECTABLE Sol. iny. 15 ml,http://vademecum.es/medicamento-quadramet+inyectable_21323
661687,QUDIX Comp. recub. con película 100 mg,http://vademecum.es/medicamento-qudix_32857
661689,QUDIX Comp. recub. con película 200 mg,http://vademecum.es/medicamento-qudix_32877
661684,QUDIX Comp. recub. con película 25 mg,http://vademecum.es/medicamento-qudix_32851
664571,QUDIX Comp. recub. con película 25 mg,http://vademecum.es/medicamento-qudix_32851
661691,QUDIX Comp. recub. con película 300 mg,http://vademecum.es/medicamento-qudix_32870
670566,QUENTIAX Comp. recub. con película 100 mg,http://vademecum.es/medicamento-quentiax_39635
670581,,http://vademecum.es/medicamento-quentiax_39636
670594,QUENTIAX Comp. recub. con película 200 mg,http://vademecum.es/medicamento-quentiax_39637
670561,QUENTIAX Comp. recub. con película 25 mg,http://vademecum.es/medicamento-quentiax_39638
670555,QUENTIAX Comp. recub. con película 25 mg,http://vademecum.es/medicamento-quentiax_39638
670606,QUENTIAX Comp. recub. con película 300 mg,http://vademecum.es/medicamento-quentiax_39639
684590,QUETIAPINA ACCORD Comp. de liberación prolongada 200 mg,http://vademecum.es/medicamento-quetiapina+accord_39071
684595,QUETIAPINA ACCORD Comp. de liberación prolongada 300 mg,http://vademecum.es/medicamento-quetiapina+accord_39072
684601,QUETIAPINA ACCORD Comp. de liberación prolongada 400 mg,http://vademecum.es/medicamento-quetiapina+accord_39073
699646,QUETIAPINA ACCORD Comp. de liberación prolongada 50 mg,http://vademecum.es/medicamento-quetiapina+accord_42525
699647,QUETIAPINA ACCORD Comp. de liberación prolongada 50 mg,http://vademecum.es/medicamento-quetiapina+accord_42525
689906,,http://vademecum.es/medicamento-quetiapina+actavis_39858
689907,,http://vademecum.es/medicamento-quetiapina+actavis_39859
689911,,http://vademecum.es/medicamento-quetiapina+actavis_39860
689903,,http://vademecum.es/medicamento-quetiapina+actavis_39861
694667,,http://vademecum.es/medicamento-quetiapina+alter_41417
694668,,http://vademecum.es/medicamento-quetiapina+alter_41418
694808,,http://vademecum.es/medicamento-quetiapina+alter_40906
694806,,http://vademecum.es/medicamento-quetiapina+alter_40907
694807,,http://vademecum.es/medicamento-quetiapina+alter_40907
660450,QUETIAPINA ALTER Comp. recub. con película 100 mg,http://vademecum.es/medicamento-quetiapina+alter_32108
660452,QUETIAPINA ALTER Comp. recub. con película 200 mg,http://vademecum.es/medicamento-quetiapina+alter_32110
660440,QUETIAPINA ALTER Comp. recub. con película 25 mg,http://vademecum.es/medicamento-quetiapina+alter_32107
662891,QUETIAPINA ALTER Comp. recub. con película 25 mg,http://vademecum.es/medicamento-quetiapina+alter_32107
660453,QUETIAPINA ALTER Comp. recub. con película 300 mg,http://vademecum.es/medicamento-quetiapina+alter_32111
682329,QUETIAPINA AMNEAL Comp. recub. con película 100 mg,http://vademecum.es/medicamento-quetiapina+amneal_39862
682340,,http://vademecum.es/medicamento-quetiapina+amneal_39863
682359,QUETIAPINA AMNEAL Comp. recub. con película 200 mg,http://vademecum.es/medicamento-quetiapina+amneal_39864
682313,,http://vademecum.es/medicamento-quetiapina+amneal_39865
682375,QUETIAPINA AMNEAL Comp. recub. con película 300 mg,http://vademecum.es/medicamento-quetiapina+amneal_39866
705643,QUETIAPINA APOTEX Comp. de liberación prolongada 150 mg,http://vademecum.es/medicamento-quetiapina+apotex_44628
705639,QUETIAPINA APOTEX Comp. de liberación prolongada 200 mg,http://vademecum.es/medicamento-quetiapina+apotex_44629
705641,QUETIAPINA APOTEX Comp. de liberación prolongada 300 mg,http://vademecum.es/medicamento-quetiapina+apotex_44630
705642,QUETIAPINA APOTEX Comp. de liberación prolongada 400 mg,http://vademecum.es/medicamento-quetiapina+apotex_44631
705644,QUETIAPINA APOTEX Comp. de liberación prolongada 50 mg,http://vademecum.es/medicamento-quetiapina+apotex_44632
705645,QUETIAPINA APOTEX Comp. de liberación prolongada 50 mg,http://vademecum.es/medicamento-quetiapina+apotex_44632
676535,QUETIAPINA APOTEX Comp. recub. 100 mg,http://vademecum.es/medicamento-quetiapina+apotex_38931
676540,QUETIAPINA APOTEX Comp. recub. 200 mg,http://vademecum.es/medicamento-quetiapina+apotex_38933
676530,QUETIAPINA APOTEX Comp. recub. 25 mg,http://vademecum.es/medicamento-quetiapina+apotex_38934
676532,QUETIAPINA APOTEX Comp. recub. 25 mg,http://vademecum.es/medicamento-quetiapina+apotex_38934
676543,QUETIAPINA APOTEX Comp. recub. 300 mg,http://vademecum.es/medicamento-quetiapina+apotex_38935
662579,,http://vademecum.es/medicamento-quetiapina+arafarma+group_33304
662580,,http://vademecum.es/medicamento-quetiapina+arafarma+group_33306
662581,,http://vademecum.es/medicamento-quetiapina+arafarma+group_33308
662582,,http://vademecum.es/medicamento-quetiapina+arafarma+group_33311
692135,QUETIAPINA AUROBINDO Comp. recub. con película 100 mg,http://vademecum.es/medicamento-quetiapina+aurobindo_41008
692151,QUETIAPINA AUROBINDO Comp. recub. con película 200 mg,http://vademecum.es/medicamento-quetiapina+aurobindo_41009
692167,QUETIAPINA AUROBINDO Comp. recub. con película 25 mg,http://vademecum.es/medicamento-quetiapina+aurobindo_41010
692182,QUETIAPINA AUROBINDO Comp. recub. con película 300 mg,http://vademecum.es/medicamento-quetiapina+aurobindo_41011
681202,QUETIAPINA AUROVITAS SPAIN Comp. recub. con película 100 mg,http://vademecum.es/medicamento-quetiapina+aurovitas+spain_37913
681204,QUETIAPINA AUROVITAS SPAIN Comp. recub. con película 200 mg,http://vademecum.es/medicamento-quetiapina+aurovitas+spain_37915
681200,QUETIAPINA AUROVITAS SPAIN Comp. recub. con película 25 mg,http://vademecum.es/medicamento-quetiapina+aurovitas+spain_37916
681201,QUETIAPINA AUROVITAS SPAIN Comp. recub. con película 25 mg,http://vademecum.es/medicamento-quetiapina+aurovitas+spain_37916
681206,QUETIAPINA AUROVITAS SPAIN Comp. recub. con película 300 mg,http://vademecum.es/medicamento-quetiapina+aurovitas+spain_37917
696600,,http://vademecum.es/medicamento-quetiapina+bluefish_41368
696601,,http://vademecum.es/medicamento-quetiapina+bluefish_41369
696647,,http://vademecum.es/medicamento-quetiapina+bluefish_41370
712215,QUETIAPINA CINFA Comp. de liberación prolongada 150 mg,http://vademecum.es/medicamento-quetiapina+cinfa_45538
687967,QUETIAPINA CINFA Comp. de liberación prolongada 200 mg,http://vademecum.es/medicamento-quetiapina+cinfa_39454
687977,QUETIAPINA CINFA Comp. de liberación prolongada 300 mg,http://vademecum.es/medicamento-quetiapina+cinfa_39455
687986,QUETIAPINA CINFA Comp. de liberación prolongada 400 mg,http://vademecum.es/medicamento-quetiapina+cinfa_39456
687951,QUETIAPINA CINFA Comp. de liberación prolongada 50 mg,http://vademecum.es/medicamento-quetiapina+cinfa_39457
687957,QUETIAPINA CINFA Comp. de liberación prolongada 50 mg,http://vademecum.es/medicamento-quetiapina+cinfa_39457
672712,QUETIAPINA CINFA Comp. recub. con película 100 mg,http://vademecum.es/medicamento-quetiapina+cinfa_36264
605821,QUETIAPINA CINFA Comp. recub. con película 100 mg,http://vademecum.es/medicamento-quetiapina+cinfa_36264
672713,QUETIAPINA CINFA Comp. recub. con película 200 mg,http://vademecum.es/medicamento-quetiapina+cinfa_36265
605820,QUETIAPINA CINFA Comp. recub. con película 200 mg,http://vademecum.es/medicamento-quetiapina+cinfa_36265
672711,QUETIAPINA CINFA Comp. recub. con película 25 mg,http://vademecum.es/medicamento-quetiapina+cinfa_36266
605818,QUETIAPINA CINFA Comp. recub. con película 25 mg,http://vademecum.es/medicamento-quetiapina+cinfa_36266
672714,QUETIAPINA CINFA Comp. recub. con película 300 mg,http://vademecum.es/medicamento-quetiapina+cinfa_36267
605819,QUETIAPINA CINFA Comp. recub. con película 300 mg,http://vademecum.es/medicamento-quetiapina+cinfa_36267
672310,,http://vademecum.es/medicamento-quetiapina+combino+pharm_36105
672309,,http://vademecum.es/medicamento-quetiapina+combino+pharm_36105
672305,,http://vademecum.es/medicamento-quetiapina+combino+pharm_36106
672306,,http://vademecum.es/medicamento-quetiapina+combino+pharm_36106
672308,,http://vademecum.es/medicamento-quetiapina+combino+pharm_36512
672307,,http://vademecum.es/medicamento-quetiapina+combino+pharm_36512
603475,,http://vademecum.es/medicamento-quetiapina+combino+pharm_36107
672304,,http://vademecum.es/medicamento-quetiapina+combino+pharm_36107
672302,,http://vademecum.es/medicamento-quetiapina+combino+pharm_36107
679957,QUETIAPINA COMBIX Comp. recub. con película 100 mg,http://vademecum.es/medicamento-quetiapina+combix_37740
679959,,http://vademecum.es/medicamento-quetiapina+combix_37741
679970,QUETIAPINA COMBIX Comp. recub. con película 200 mg,http://vademecum.es/medicamento-quetiapina+combix_37742
679955,QUETIAPINA COMBIX Comp. recub. con película 25 mg,http://vademecum.es/medicamento-quetiapina+combix_37743
679956,QUETIAPINA COMBIX Comp. recub. con película 25 mg,http://vademecum.es/medicamento-quetiapina+combix_37743
679964,QUETIAPINA COMBIX Comp. recub. con película 300 mg,http://vademecum.es/medicamento-quetiapina+combix_37744
699850,QUETIAPINA FAIR-MED Comp. recub. con película 100 mg,http://vademecum.es/medicamento-quetiapina+fair-med_42526
697354,QUETIAPINA FAIR-MED Comp. recub. con película 150 mg,http://vademecum.es/medicamento-quetiapina+fair-med_42527
697366,QUETIAPINA FAIR-MED Comp. recub. con película 200 mg,http://vademecum.es/medicamento-quetiapina+fair-med_42528
697372,QUETIAPINA FAIR-MED Comp. recub. con película 25 mg,http://vademecum.es/medicamento-quetiapina+fair-med_42529
699849,QUETIAPINA FAIR-MED Comp. recub. con película 25 mg,http://vademecum.es/medicamento-quetiapina+fair-med_42529
697384,QUETIAPINA FAIR-MED Comp. recub. con película 300 mg,http://vademecum.es/medicamento-quetiapina+fair-med_42530
606485,QUETIAPINA FAIR-MED Comp. recub. con película 300 mg,http://vademecum.es/medicamento-quetiapina+fair-med_42530
672716,,http://vademecum.es/medicamento-quetiapina+goibela_36268
672720,,http://vademecum.es/medicamento-quetiapina+goibela_36269
672715,,http://vademecum.es/medicamento-quetiapina+goibela_36270
672721,,http://vademecum.es/medicamento-quetiapina+goibela_36271
686320,,http://vademecum.es/medicamento-quetiapina+italchimici_42064
686327,,http://vademecum.es/medicamento-quetiapina+italchimici_42065
686314,,http://vademecum.es/medicamento-quetiapina+italchimici_42066
686336,,http://vademecum.es/medicamento-quetiapina+italchimici_42067
687779,QUETIAPINA JUSTE Comp. recub. con película 100 mg,http://vademecum.es/medicamento-quetiapina+juste_42695
687781,QUETIAPINA JUSTE Comp. recub. con película 100 mg,http://vademecum.es/medicamento-quetiapina+juste_42695
687792,QUETIAPINA JUSTE Comp. recub. con película 200 mg,http://vademecum.es/medicamento-quetiapina+juste_42697
687793,QUETIAPINA JUSTE Comp. recub. con película 200 mg,http://vademecum.es/medicamento-quetiapina+juste_42697
687765,QUETIAPINA JUSTE Comp. recub. con película 25 mg,http://vademecum.es/medicamento-quetiapina+juste_42698
687769,QUETIAPINA JUSTE Comp. recub. con película 25 mg,http://vademecum.es/medicamento-quetiapina+juste_42698
687799,QUETIAPINA JUSTE Comp. recub. con película 300 mg,http://vademecum.es/medicamento-quetiapina+juste_42699
687800,QUETIAPINA JUSTE Comp. recub. con película 300 mg,http://vademecum.es/medicamento-quetiapina+juste_42699
711203,QUETIAPINA KERN PHARMA Comp. de liberación prolongada 150 mg,http://vademecum.es/medicamento-quetiapina+kern+pharma_45500
660601,QUETIAPINA KERN PHARMA Comp. recub. con película 100 mg,http://vademecum.es/medicamento-quetiapina+kern+pharma_32198
660604,QUETIAPINA KERN PHARMA Comp. recub. con película 200 mg,http://vademecum.es/medicamento-quetiapina+kern+pharma_32200
660600,QUETIAPINA KERN PHARMA Comp. recub. con película 25 mg,http://vademecum.es/medicamento-quetiapina+kern+pharma_32197
665589,QUETIAPINA KERN PHARMA Comp. recub. con película 25 mg,http://vademecum.es/medicamento-quetiapina+kern+pharma_32197
660607,QUETIAPINA KERN PHARMA Comp. recub. con película 300 mg,http://vademecum.es/medicamento-quetiapina+kern+pharma_32201
695790,QUETIAPINA KERN PHARMA EFG Comp. de liberación prolongada 200 mg,http://vademecum.es/medicamento-quetiapina+kern+pharma+efg_41175
606432,QUETIAPINA KERN PHARMA EFG Comp. de liberación prolongada 200 mg,http://vademecum.es/medicamento-quetiapina+kern+pharma+efg_41175
695792,QUETIAPINA KERN PHARMA EFG Comp. de liberación prolongada 300 mg,http://vademecum.es/medicamento-quetiapina+kern+pharma+efg_41176
606431,QUETIAPINA KERN PHARMA EFG Comp. de liberación prolongada 300 mg,http://vademecum.es/medicamento-quetiapina+kern+pharma+efg_41176
695793,QUETIAPINA KERN PHARMA EFG Comp. de liberación prolongada 400 mg,http://vademecum.es/medicamento-quetiapina+kern+pharma+efg_41177
606430,QUETIAPINA KERN PHARMA EFG Comp. de liberación prolongada 400 mg,http://vademecum.es/medicamento-quetiapina+kern+pharma+efg_41177
700473,QUETIAPINA KERN PHARMA EFG Comp. de liberación prolongada 50 mg,http://vademecum.es/medicamento-quetiapina+kern+pharma+efg_42842
700474,QUETIAPINA KERN PHARMA EFG Comp. de liberación prolongada 50 mg,http://vademecum.es/medicamento-quetiapina+kern+pharma+efg_42842
700475,QUETIAPINA KERN PHARMA EFG Comp. de liberación prolongada 50 mg,http://vademecum.es/medicamento-quetiapina+kern+pharma+efg_42842
700477,QUETIAPINA KERN PHARMA EFG Comp. de liberación prolongada 50 mg,http://vademecum.es/medicamento-quetiapina+kern+pharma+efg_42842
606429,QUETIAPINA KERN PHARMA EFG Comp. de liberación prolongada 50 mg,http://vademecum.es/medicamento-quetiapina+kern+pharma+efg_42842
709750,QUETIAPINA KRKA Comp. de liberación prolongada 50 mg,http://vademecum.es/medicamento-quetiapina+krka_44882
709751,QUETIAPINA KRKA Comp. de liberación prolongada 50 mg,http://vademecum.es/medicamento-quetiapina+krka_44882
707030,QUETIAPINA KRKA EFG Comp. de liberación prolongada 150 mg,http://vademecum.es/medicamento-quetiapina+krka+efg_44498
707031,QUETIAPINA KRKA EFG Comp. de liberación prolongada 200 mg,http://vademecum.es/medicamento-quetiapina+krka+efg_44499
707032,QUETIAPINA KRKA EFG Comp. de liberación prolongada 300 mg,http://vademecum.es/medicamento-quetiapina+krka+efg_44500
694931,,http://vademecum.es/medicamento-quetiapina+lupin_42068
698267,,http://vademecum.es/medicamento-quetiapina+lupin_42068
694938,,http://vademecum.es/medicamento-quetiapina+lupin_42069
694940,,http://vademecum.es/medicamento-quetiapina+lupin_42069
694946,,http://vademecum.es/medicamento-quetiapina+lupin_42070
694947,,http://vademecum.es/medicamento-quetiapina+lupin_42070
694949,,http://vademecum.es/medicamento-quetiapina+lupin_42071
694955,,http://vademecum.es/medicamento-quetiapina+lupin_42071
694963,,http://vademecum.es/medicamento-quetiapina+lupin_42072
694964,,http://vademecum.es/medicamento-quetiapina+lupin_42072
694965,,http://vademecum.es/medicamento-quetiapina+lupin_42072
702221,QUETIAPINA MABO Comp. de liberación prolongada 150 mg,http://vademecum.es/medicamento-quetiapina+mabo_43595
702222,QUETIAPINA MABO Comp. de liberación prolongada 200 mg,http://vademecum.es/medicamento-quetiapina+mabo_43596
702224,QUETIAPINA MABO Comp. de liberación prolongada 300 mg,http://vademecum.es/medicamento-quetiapina+mabo_43597
702212,QUETIAPINA MABO Comp. de liberación prolongada 400 mg,http://vademecum.es/medicamento-quetiapina+mabo_43598
702223,QUETIAPINA MABO Comp. de liberación prolongada 50 mg,http://vademecum.es/medicamento-quetiapina+mabo_43599
704025,QUETIAPINA MYLAN Comp. de liberación prolongada 200 mg,http://vademecum.es/medicamento-quetiapina+mylan_44633
704036,QUETIAPINA MYLAN Comp. de liberación prolongada 300 mg,http://vademecum.es/medicamento-quetiapina+mylan_44634
704046,QUETIAPINA MYLAN Comp. de liberación prolongada 400 mg,http://vademecum.es/medicamento-quetiapina+mylan_44635
704058,QUETIAPINA MYLAN Comp. de liberación prolongada 50 mg,http://vademecum.es/medicamento-quetiapina+mylan_44636
660620,QUETIAPINA MYLAN Comp. recub. con película 100 mg,http://vademecum.es/medicamento-quetiapina+mylan_32159
660623,QUETIAPINA MYLAN Comp. recub. con película 200 mg,http://vademecum.es/medicamento-quetiapina+mylan_32161
660619,QUETIAPINA MYLAN Comp. recub. con película 25 mg,http://vademecum.es/medicamento-quetiapina+mylan_32158
672655,QUETIAPINA MYLAN Comp. recub. con película 25 mg,http://vademecum.es/medicamento-quetiapina+mylan_32158
660624,QUETIAPINA MYLAN Comp. recub. con película 300 mg,http://vademecum.es/medicamento-quetiapina+mylan_32162
695034,QUETIAPINA NORMON Comp. de liberación prolongada 200 mg,http://vademecum.es/medicamento-quetiapina+normon_41049
695093,QUETIAPINA NORMON Comp. de liberación prolongada 300 mg,http://vademecum.es/medicamento-quetiapina+normon_41050
695146,QUETIAPINA NORMON Comp. de liberación prolongada 400 mg,http://vademecum.es/medicamento-quetiapina+normon_41051
700431,QUETIAPINA NORMON Comp. de liberación prolongada 50 mg,http://vademecum.es/medicamento-quetiapina+normon_42700
700432,QUETIAPINA NORMON Comp. de liberación prolongada 50 mg,http://vademecum.es/medicamento-quetiapina+normon_42700
700188,QUETIAPINA NORMON Comp. de liberación prolongada 50 mg,http://vademecum.es/medicamento-quetiapina+normon_42700
700189,QUETIAPINA NORMON Comp. de liberación prolongada 50 mg,http://vademecum.es/medicamento-quetiapina+normon_42700
603235,QUETIAPINA NORMON Comp. recub. con película 100 mg,http://vademecum.es/medicamento-quetiapina+normon_34328
664123,QUETIAPINA NORMON Comp. recub. con película 100 mg,http://vademecum.es/medicamento-quetiapina+normon_34328
603242,QUETIAPINA NORMON Comp. recub. con película 200 mg,http://vademecum.es/medicamento-quetiapina+normon_34327
664124,QUETIAPINA NORMON Comp. recub. con película 200 mg,http://vademecum.es/medicamento-quetiapina+normon_34327
603234,QUETIAPINA NORMON Comp. recub. con película 25 mg,http://vademecum.es/medicamento-quetiapina+normon_34325
664122,QUETIAPINA NORMON Comp. recub. con película 25 mg,http://vademecum.es/medicamento-quetiapina+normon_34325
603243,QUETIAPINA NORMON Comp. recub. con película 300 mg,http://vademecum.es/medicamento-quetiapina+normon_34326
664125,QUETIAPINA NORMON Comp. recub. con película 300 mg,http://vademecum.es/medicamento-quetiapina+normon_34326
679409,QUETIAPINA PENSA Comp. recub. con película 100 mg,http://vademecum.es/medicamento-quetiapina+pensa_37532
679410,QUETIAPINA PENSA Comp. recub. con película 100 mg,http://vademecum.es/medicamento-quetiapina+pensa_37532
679412,,http://vademecum.es/medicamento-quetiapina+pensa_37533
679413,,http://vademecum.es/medicamento-quetiapina+pensa_37533
679414,QUETIAPINA PENSA Comp. recub. con película 200 mg,http://vademecum.es/medicamento-quetiapina+pensa_37534
679416,QUETIAPINA PENSA Comp. recub. con película 200 mg,http://vademecum.es/medicamento-quetiapina+pensa_37534
679405,QUETIAPINA PENSA Comp. recub. con película 25 mg,http://vademecum.es/medicamento-quetiapina+pensa_37535
679406,QUETIAPINA PENSA Comp. recub. con película 25 mg,http://vademecum.es/medicamento-quetiapina+pensa_37535
679417,QUETIAPINA PENSA Comp. recub. con película 300 mg,http://vademecum.es/medicamento-quetiapina+pensa_37536
679418,QUETIAPINA PENSA Comp. recub. con película 300 mg,http://vademecum.es/medicamento-quetiapina+pensa_37536
707855,QUETIAPINA PHARMA COMBIX Comp. de liberación prolongada 150 mg,http://vademecum.es/medicamento-quetiapina+pharma+combix_44982
707859,QUETIAPINA PHARMA COMBIX Comp. de liberación prolongada 200 mg,http://vademecum.es/medicamento-quetiapina+pharma+combix_44983
707861,QUETIAPINA PHARMA COMBIX Comp. de liberación prolongada 300 mg,http://vademecum.es/medicamento-quetiapina+pharma+combix_44984
707857,QUETIAPINA PHARMA COMBIX Comp. de liberación prolongada 400 mg,http://vademecum.es/medicamento-quetiapina+pharma+combix_44985
707852,QUETIAPINA PHARMA COMBIX Comp. de liberación prolongada 50 mg,http://vademecum.es/medicamento-quetiapina+pharma+combix_44986
702213,QUETIAPINA QUALIGEN Comp. de liberación prolongada 150 mg,http://vademecum.es/medicamento-quetiapina+qualigen_43585
702214,QUETIAPINA QUALIGEN Comp. de liberación prolongada 200 mg,http://vademecum.es/medicamento-quetiapina+qualigen_43586
702215,QUETIAPINA QUALIGEN Comp. de liberación prolongada 300 mg,http://vademecum.es/medicamento-quetiapina+qualigen_43587
702210,QUETIAPINA QUALIGEN Comp. de liberación prolongada 400 mg,http://vademecum.es/medicamento-quetiapina+qualigen_43588
702226,QUETIAPINA QUALIGEN Comp. de liberación prolongada 50 mg,http://vademecum.es/medicamento-quetiapina+qualigen_43589
661715,QUETIAPINA QUALIGEN Comp. recub. con película 100 mg,http://vademecum.es/medicamento-quetiapina+qualigen_32860
661716,QUETIAPINA QUALIGEN Comp. recub. con película 100 mg,http://vademecum.es/medicamento-quetiapina+qualigen_32860
603268,QUETIAPINA QUALIGEN Comp. recub. con película 100 mg,http://vademecum.es/medicamento-quetiapina+qualigen_32860
603269,QUETIAPINA QUALIGEN Comp. recub. con película 100 mg,http://vademecum.es/medicamento-quetiapina+qualigen_32860
661717,QUETIAPINA QUALIGEN Comp. recub. con película 200 mg,http://vademecum.es/medicamento-quetiapina+qualigen_32866
661718,QUETIAPINA QUALIGEN Comp. recub. con película 200 mg,http://vademecum.es/medicamento-quetiapina+qualigen_32866
603272,QUETIAPINA QUALIGEN Comp. recub. con película 200 mg,http://vademecum.es/medicamento-quetiapina+qualigen_32866
603273,QUETIAPINA QUALIGEN Comp. recub. con película 200 mg,http://vademecum.es/medicamento-quetiapina+qualigen_32866
661713,QUETIAPINA QUALIGEN Comp. recub. con película 25 mg,http://vademecum.es/medicamento-quetiapina+qualigen_32854
661714,QUETIAPINA QUALIGEN Comp. recub. con película 25 mg,http://vademecum.es/medicamento-quetiapina+qualigen_32854
603265,QUETIAPINA QUALIGEN Comp. recub. con película 25 mg,http://vademecum.es/medicamento-quetiapina+qualigen_32854
603267,QUETIAPINA QUALIGEN Comp. recub. con película 25 mg,http://vademecum.es/medicamento-quetiapina+qualigen_32854
664306,QUETIAPINA QUALIGEN Comp. recub. con película 25 mg,http://vademecum.es/medicamento-quetiapina+qualigen_32854
664307,QUETIAPINA QUALIGEN Comp. recub. con película 25 mg,http://vademecum.es/medicamento-quetiapina+qualigen_32854
661719,QUETIAPINA QUALIGEN Comp. recub. con película 300 mg,http://vademecum.es/medicamento-quetiapina+qualigen_32873
661720,QUETIAPINA QUALIGEN Comp. recub. con película 300 mg,http://vademecum.es/medicamento-quetiapina+qualigen_32873
603270,QUETIAPINA QUALIGEN Comp. recub. con película 300 mg,http://vademecum.es/medicamento-quetiapina+qualigen_32873
603271,QUETIAPINA QUALIGEN Comp. recub. con película 300 mg,http://vademecum.es/medicamento-quetiapina+qualigen_32873
708306,QUETIAPINA RATIO Comp. recub. con película 100 mg,http://vademecum.es/medicamento-quetiapina+ratio_44772
708307,QUETIAPINA RATIO Comp. recub. con película 200 mg,http://vademecum.es/medicamento-quetiapina+ratio_44773
708305,QUETIAPINA RATIO Comp. recub. con película 25 mg,http://vademecum.es/medicamento-quetiapina+ratio_44774
711228,QUETIAPINA RATIO Comp. recub. con película 25 mg,http://vademecum.es/medicamento-quetiapina+ratio_44774
708308,QUETIAPINA RATIO Comp. recub. con película 300 mg,http://vademecum.es/medicamento-quetiapina+ratio_44775
688007,QUETIAPINA RATIOPHARM Comp. de liberación prolongada 200 mg,http://vademecum.es/medicamento-quetiapina+ratiopharm_39465
688017,QUETIAPINA RATIOPHARM Comp. de liberación prolongada 300 mg,http://vademecum.es/medicamento-quetiapina+ratiopharm_39466
688026,QUETIAPINA RATIOPHARM Comp. de liberación prolongada 400 mg,http://vademecum.es/medicamento-quetiapina+ratiopharm_39467
687991,QUETIAPINA RATIOPHARM Comp. de liberación prolongada 50 mg,http://vademecum.es/medicamento-quetiapina+ratiopharm_39468
687997,QUETIAPINA RATIOPHARM Comp. de liberación prolongada 50 mg,http://vademecum.es/medicamento-quetiapina+ratiopharm_39468
660609,,http://vademecum.es/medicamento-quetiapina+ratiopharm_32203
660611,,http://vademecum.es/medicamento-quetiapina+ratiopharm_32205
660608,,http://vademecum.es/medicamento-quetiapina+ratiopharm_32202
660612,,http://vademecum.es/medicamento-quetiapina+ratiopharm_32206
661626,,http://vademecum.es/medicamento-quetiapina+sandoz_32800
652371,,http://vademecum.es/medicamento-quetiapina+sandoz_32800
601624,,http://vademecum.es/medicamento-quetiapina+sandoz_32801
652363,,http://vademecum.es/medicamento-quetiapina+sandoz_32801
661627,,http://vademecum.es/medicamento-quetiapina+sandoz_32799
661628,,http://vademecum.es/medicamento-quetiapina+sandoz_32799
661631,,http://vademecum.es/medicamento-quetiapina+sandoz_32802
661632,,http://vademecum.es/medicamento-quetiapina+sandoz_32802
652355,,http://vademecum.es/medicamento-quetiapina+sandoz_32802
702216,QUETIAPINA SANDOZ FARMACEUTICA Comp. de liberación prolongada 150 mg,http://vademecum.es/medicamento-quetiapina+sandoz+farmaceutica_43590
702218,QUETIAPINA SANDOZ FARMACEUTICA Comp. de liberación prolongada 200 mg,http://vademecum.es/medicamento-quetiapina+sandoz+farmaceutica_43591
702219,QUETIAPINA SANDOZ FARMACEUTICA Comp. de liberación prolongada 300 mg,http://vademecum.es/medicamento-quetiapina+sandoz+farmaceutica_43592
702211,QUETIAPINA SANDOZ FARMACEUTICA Comp. de liberación prolongada 400 mg,http://vademecum.es/medicamento-quetiapina+sandoz+farmaceutica_43593
702220,QUETIAPINA SANDOZ FARMACEUTICA Comp. de liberación prolongada 50 mg,http://vademecum.es/medicamento-quetiapina+sandoz+farmaceutica_43594
661697,QUETIAPINA SANDOZ FARMACEUTICA Comp. recub. con película 100 mg,http://vademecum.es/medicamento-quetiapina+sandoz+farmaceutica_32858
672607,QUETIAPINA SANDOZ FARMACEUTICA Comp. recub. con película 100 mg,http://vademecum.es/medicamento-quetiapina+sandoz+farmaceutica_32858
661699,QUETIAPINA SANDOZ FARMACEUTICA Comp. recub. con película 200 mg,http://vademecum.es/medicamento-quetiapina+sandoz+farmaceutica_32864
672606,QUETIAPINA SANDOZ FARMACEUTICA Comp. recub. con película 200 mg,http://vademecum.es/medicamento-quetiapina+sandoz+farmaceutica_32864
661695,QUETIAPINA SANDOZ FARMACEUTICA Comp. recub. con película 25 mg,http://vademecum.es/medicamento-quetiapina+sandoz+farmaceutica_32852
661696,QUETIAPINA SANDOZ FARMACEUTICA Comp. recub. con película 25 mg,http://vademecum.es/medicamento-quetiapina+sandoz+farmaceutica_32852
713336,QUETIAPINA SANDOZ FARMACEUTICA Comp. recub. con película 25 mg,http://vademecum.es/medicamento-quetiapina+sandoz+farmaceutica_32852
661701,QUETIAPINA SANDOZ FARMACEUTICA Comp. recub. con película 300 mg,http://vademecum.es/medicamento-quetiapina+sandoz+farmaceutica_32871
672605,QUETIAPINA SANDOZ FARMACEUTICA Comp. recub. con película 300 mg,http://vademecum.es/medicamento-quetiapina+sandoz+farmaceutica_32871
661761,QUETIAPINA STADA Comp. recub. con película 100 mg,http://vademecum.es/medicamento-quetiapina+stada_32843
661762,QUETIAPINA STADA Comp. recub. con película 100 mg,http://vademecum.es/medicamento-quetiapina+stada_32843
661763,QUETIAPINA STADA Comp. recub. con película 200 mg,http://vademecum.es/medicamento-quetiapina+stada_32844
661764,QUETIAPINA STADA Comp. recub. con película 200 mg,http://vademecum.es/medicamento-quetiapina+stada_32844
661759,QUETIAPINA STADA Comp. recub. con película 25 mg,http://vademecum.es/medicamento-quetiapina+stada_32841
661760,QUETIAPINA STADA Comp. recub. con película 25 mg,http://vademecum.es/medicamento-quetiapina+stada_32841
664572,QUETIAPINA STADA Comp. recub. con película 25 mg,http://vademecum.es/medicamento-quetiapina+stada_32841
664574,QUETIAPINA STADA Comp. recub. con película 25 mg,http://vademecum.es/medicamento-quetiapina+stada_32841
661765,QUETIAPINA STADA Comp. recub. con película 300 mg,http://vademecum.es/medicamento-quetiapina+stada_32845
661766,QUETIAPINA STADA Comp. recub. con película 300 mg,http://vademecum.es/medicamento-quetiapina+stada_32845
699992,QUETIAPINA STADA GENERICOS Comp. de liberación prolongada 200 mg,http://vademecum.es/medicamento-quetiapina+stada+genericos_42531
699993,QUETIAPINA STADA GENERICOS Comp. de liberación prolongada 300 mg,http://vademecum.es/medicamento-quetiapina+stada+genericos_42532
699994,QUETIAPINA STADA GENERICOS Comp. de liberación prolongada 400 mg,http://vademecum.es/medicamento-quetiapina+stada+genericos_42533
699986,QUETIAPINA STADA GENERICOS Comp. de liberación prolongada 50 mg,http://vademecum.es/medicamento-quetiapina+stada+genericos_42534
699987,QUETIAPINA STADA GENERICOS Comp. de liberación prolongada 50 mg,http://vademecum.es/medicamento-quetiapina+stada+genericos_42534
699988,QUETIAPINA STADA GENERICOS Comp. de liberación prolongada 50 mg,http://vademecum.es/medicamento-quetiapina+stada+genericos_42534
699989,QUETIAPINA STADA GENERICOS Comp. de liberación prolongada 50 mg,http://vademecum.es/medicamento-quetiapina+stada+genericos_42534
705986,QUETIAPINA STADAGEN EFG Comp. de liberación prolongada 150 mg,http://vademecum.es/medicamento-quetiapina+stadagen+efg_44416
661770,QUETIAPINA TARBIS Comp. recub. con película 100 mg,http://vademecum.es/medicamento-quetiapina+tarbis_32859
661771,QUETIAPINA TARBIS Comp. recub. con película 100 mg,http://vademecum.es/medicamento-quetiapina+tarbis_32859
661772,QUETIAPINA TARBIS Comp. recub. con película 200 mg,http://vademecum.es/medicamento-quetiapina+tarbis_32865
661789,QUETIAPINA TARBIS Comp. recub. con película 200 mg,http://vademecum.es/medicamento-quetiapina+tarbis_32865
661767,QUETIAPINA TARBIS Comp. recub. con película 25 mg,http://vademecum.es/medicamento-quetiapina+tarbis_32853
661768,QUETIAPINA TARBIS Comp. recub. con película 25 mg,http://vademecum.es/medicamento-quetiapina+tarbis_32853
691347,QUETIAPINA TARBIS Comp. recub. con película 25 mg,http://vademecum.es/medicamento-quetiapina+tarbis_32853
691348,QUETIAPINA TARBIS Comp. recub. con película 25 mg,http://vademecum.es/medicamento-quetiapina+tarbis_32853
661773,QUETIAPINA TARBIS Comp. recub. con película 300 mg,http://vademecum.es/medicamento-quetiapina+tarbis_32872
661774,QUETIAPINA TARBIS Comp. recub. con película 300 mg,http://vademecum.es/medicamento-quetiapina+tarbis_32872
660973,QUETIAPINA TECNIGEN Comp. recub. con película 100 mg,http://vademecum.es/medicamento-quetiapina+tecnigen_32408
660974,QUETIAPINA TECNIGEN Comp. recub. con película 200 mg,http://vademecum.es/medicamento-quetiapina+tecnigen_32409
660972,QUETIAPINA TECNIGEN Comp. recub. con película 25 mg,http://vademecum.es/medicamento-quetiapina+tecnigen_32407
687128,QUETIAPINA TECNIGEN Comp. recub. con película 25 mg,http://vademecum.es/medicamento-quetiapina+tecnigen_32407
660975,QUETIAPINA TECNIGEN Comp. recub. con película 300 mg,http://vademecum.es/medicamento-quetiapina+tecnigen_32410
687034,QUETIAPINA TEVA Comp. de liberación prolongada 200 mg,http://vademecum.es/medicamento-quetiapina+teva_39461
687044,QUETIAPINA TEVA Comp. de liberación prolongada 300 mg,http://vademecum.es/medicamento-quetiapina+teva_39462
687055,QUETIAPINA TEVA Comp. de liberación prolongada 400 mg,http://vademecum.es/medicamento-quetiapina+teva_39463
687020,QUETIAPINA TEVA Comp. de liberación prolongada 50 mg,http://vademecum.es/medicamento-quetiapina+teva_39464
687025,QUETIAPINA TEVA Comp. de liberación prolongada 50 mg,http://vademecum.es/medicamento-quetiapina+teva_39464
663557,QUETIAPINA TEVA Comp. recub. con película 100 mg,http://vademecum.es/medicamento-quetiapina+teva_34069
663558,QUETIAPINA TEVA Comp. recub. con película 200 mg,http://vademecum.es/medicamento-quetiapina+teva_34068
663556,QUETIAPINA TEVA Comp. recub. con película 25 mg,http://vademecum.es/medicamento-quetiapina+teva_34070
710826,QUETIAPINA TEVA Comp. recub. con película 25 mg,http://vademecum.es/medicamento-quetiapina+teva_34070
663560,QUETIAPINA TEVA Comp. recub. con película 300 mg,http://vademecum.es/medicamento-quetiapina+teva_34067
660765,,http://vademecum.es/medicamento-quetiapina+zentiva_32327
660766,,http://vademecum.es/medicamento-quetiapina+zentiva_32328
660767,,http://vademecum.es/medicamento-quetiapina+zentiva_32329
661124,,http://vademecum.es/medicamento-quetzal_21079
661116,,http://vademecum.es/medicamento-quetzal_21079
916726,QUIEDORM Comp. 15 mg,http://vademecum.es/medicamento-quiedorm_ficha_3341
641076,QUIEDORM Comp. 15 mg,http://vademecum.es/medicamento-quiedorm_ficha_3341
801035,,http://vademecum.es/medicamento-quinapril+mylan+efg_27865
800458,,http://vademecum.es/medicamento-quinapril+mylan+efg_27866
650660,QUINAPRIL NORMON EFG Comp. recub. 20 mg,http://vademecum.es/medicamento-quinapril+normon+efg_28748
600111,QUINAPRIL NORMON EFG Comp. recub. 20 mg,http://vademecum.es/medicamento-quinapril+normon+efg_28748
650657,QUINAPRIL NORMON EFG Comp. recub. 40 mg,http://vademecum.es/medicamento-quinapril+normon+efg_28749
650661,,http://vademecum.es/medicamento-quinapril+normon+efg_28750
600112,,http://vademecum.es/medicamento-quinapril+normon+efg_28750
651169,QUINAPRIL TAMARANG EFG Comp. 20 mg,http://vademecum.es/medicamento-quinapril+tamarang+efg_28979
651179,QUINAPRIL TAMARANG EFG Comp. 40 mg,http://vademecum.es/medicamento-quinapril+tamarang+efg_28980
651178,QUINAPRIL TAMARANG EFG Comp. 5 mg,http://vademecum.es/medicamento-quinapril+tamarang+efg_28981
673722,"QUINAPRIL/HIDROCLOROTIAZIDA AUROBINDO Comp. recub. con película 20/12,5 mg",http://vademecum.es/medicamento-quinapril%2Fhidroclorotiazida+aurobindo_37538
664750,"QUINAPRIL/HIDROCLOROTIAZIDA DAVUR Comp. recub. con película 20/12,5 mg",http://vademecum.es/medicamento-quinapril%2Fhidroclorotiazida+davur_35014
703905,"QUINUX Sol. iny. en jeringa precargada 10 mg/0,4 ml",http://vademecum.es/medicamento-quinux_44417
703906,"QUINUX Sol. iny. en jeringa precargada 10 mg/0,4 ml",http://vademecum.es/medicamento-quinux_44417
703907,"QUINUX Sol. iny. en jeringa precargada 15 mg/0,6 ml",http://vademecum.es/medicamento-quinux_44418
703908,"QUINUX Sol. iny. en jeringa precargada 15 mg/0,6 ml",http://vademecum.es/medicamento-quinux_44418
703909,"QUINUX Sol. iny. en jeringa precargada 20 mg/0,8 ml",http://vademecum.es/medicamento-quinux_44419
703910,"QUINUX Sol. iny. en jeringa precargada 20 mg/0,8 ml",http://vademecum.es/medicamento-quinux_44419
703913,QUINUX Sol. iny. en jeringa precargada 25 mg/1 ml,http://vademecum.es/medicamento-quinux_44420
703914,QUINUX Sol. iny. en jeringa precargada 25 mg/1 ml,http://vademecum.es/medicamento-quinux_44420
703911,"QUINUX Sol. iny. en jeringa precargada 7,5 mg/0,3 ml",http://vademecum.es/medicamento-quinux_44421
703912,"QUINUX Sol. iny. en jeringa precargada 7,5 mg/0,3 ml",http://vademecum.es/medicamento-quinux_44421
681916,,http://vademecum.es/medicamento-quiralam_4715
681908,,http://vademecum.es/medicamento-quiralam_4715
647875,,http://vademecum.es/medicamento-quiralam_4715
681890,,http://vademecum.es/medicamento-quiralam_4716
647750,,http://vademecum.es/medicamento-quiralam_4716
651371,,http://vademecum.es/medicamento-quiralam_28982
651374,,http://vademecum.es/medicamento-quiralam_28982
651370,,http://vademecum.es/medicamento-quiralam_28983
619783,,http://vademecum.es/medicamento-quiralam_26514
780783,,http://vademecum.es/medicamento-quiralam_26514
662877,,http://vademecum.es/medicamento-quiralam_33483
673806,"QUIRGEL Gel 1,25%",http://vademecum.es/medicamento-quirgel_22336
964312,QUOCIN Sol. 120 mg/ 60 mg/ ml,http://vademecum.es/medicamento-quocin_19439
700655,QUTENZA Parche cutáneo 179 mg,http://vademecum.es/medicamento-qutenza_35306
665784,QUTENZA Parche cutáneo 179 mg,http://vademecum.es/medicamento-qutenza_35306
