603008,ZABART Comp. 10 mg,http://vademecum.es/medicamento-zabart_32606
661216,ZABART Comp. 10 mg,http://vademecum.es/medicamento-zabart_32606
603007,ZABART Comp. 5 mg,http://vademecum.es/medicamento-zabart_32607
661214,ZABART Comp. 5 mg,http://vademecum.es/medicamento-zabart_32607
677989,"ZADITEN COLIRIO Colirio en solución 0,25 mg/ml",http://vademecum.es/medicamento-zaditen+colirio_23627
677575,"ZADITEN COLIRIO UNIDOSIS Colirio en solución 0,25 mg/ml",http://vademecum.es/medicamento-zaditen+colirio+unidosis_23628
677559,"ZADITEN COLIRIO UNIDOSIS Colirio en solución 0,25 mg/ml",http://vademecum.es/medicamento-zaditen+colirio+unidosis_23628
677583,"ZADITEN COLIRIO UNIDOSIS Colirio en solución 0,25 mg/ml",http://vademecum.es/medicamento-zaditen+colirio+unidosis_23628
677591,"ZADITEN COLIRIO UNIDOSIS Colirio en solución 0,25 mg/ml",http://vademecum.es/medicamento-zaditen+colirio+unidosis_23628
677609,"ZADITEN COLIRIO UNIDOSIS Colirio en solución 0,25 mg/ml",http://vademecum.es/medicamento-zaditen+colirio+unidosis_23628
811729,ZALAIN Crema 2%,http://vademecum.es/medicamento-zalain_4340
651547,ZALAIN Crema 2%,http://vademecum.es/medicamento-zalain_4340
743328,ZALAIN Gel 2%,http://vademecum.es/medicamento-zalain_4341
743310,,http://vademecum.es/medicamento-zalain_4343
688280,ZALASTA Comp. 10 mg,http://vademecum.es/medicamento-zalasta_39517
688281,ZALASTA Comp. 10 mg,http://vademecum.es/medicamento-zalasta_39517
688285,"ZALASTA Comp. 2,5 mg",http://vademecum.es/medicamento-zalasta_39518
688282,ZALASTA Comp. 5 mg,http://vademecum.es/medicamento-zalasta_39519
688284,"ZALASTA Comp. 7,5 mg",http://vademecum.es/medicamento-zalasta_39520
688274,ZALASTA Comp. bucodispersable 10 mg,http://vademecum.es/medicamento-zalasta_39521
688276,ZALASTA Comp. bucodispersable 10 mg,http://vademecum.es/medicamento-zalasta_39521
688277,ZALASTA Comp. bucodispersable 15 mg,http://vademecum.es/medicamento-zalasta_39522
688278,ZALASTA Comp. bucodispersable 15 mg,http://vademecum.es/medicamento-zalasta_39522
688271,,http://vademecum.es/medicamento-zalasta_39523
688272,,http://vademecum.es/medicamento-zalasta_39523
688279,ZALASTA Comp. bucodispersable 5 mg,http://vademecum.es/medicamento-zalasta_39524
602885,"ZALDIAR Comp. efervescente 37,5/325 mg",http://vademecum.es/medicamento-zaldiar_33257
662457,"ZALDIAR Comp. efervescente 37,5/325 mg",http://vademecum.es/medicamento-zaldiar_33257
714014,"ZALDIAR Comp. recub. 37,5/325 mg",http://vademecum.es/medicamento-zaldiar_26818
714048,"ZALDIAR Comp. recub. 37,5/325 mg",http://vademecum.es/medicamento-zaldiar_26818
603029,"ZALDIAR Comp. recub. 37,5/325 mg",http://vademecum.es/medicamento-zaldiar_26818
679181,,http://vademecum.es/medicamento-zalerg_37946
696941,,http://vademecum.es/medicamento-zalit_41409
696947,ZALTRAP Concentrado para sol. para perfusión 25 mg/ml,http://vademecum.es/medicamento-zaltrap_41410
696952,ZALTRAP Concentrado para sol. para perfusión 25 mg/ml,http://vademecum.es/medicamento-zaltrap_41410
994335,ZAMENE Comp. 30 mg,http://vademecum.es/medicamento-zamene_ficha_4344
640243,ZAMENE Comp. 30 mg,http://vademecum.es/medicamento-zamene_ficha_4344
994327,ZAMENE Comp. 6 mg,http://vademecum.es/medicamento-zamene_ficha_4345
640235,ZAMENE Comp. 6 mg,http://vademecum.es/medicamento-zamene_ficha_4345
679969,"ZAMENE Gotas orales en susp. 22,75 mg/ml",http://vademecum.es/medicamento-zamene_ficha_4658
681421,,http://vademecum.es/medicamento-zanacodar_37947
681423,,http://vademecum.es/medicamento-zanacodar_37948
681426,,http://vademecum.es/medicamento-zanacodar_37949
669085,ZANIDIP Comp. recub. con película 10 mg,http://vademecum.es/medicamento-zanidip_21181
679425,,http://vademecum.es/medicamento-zanidip_37583
817437,ZANIDIP Comp. recub. con película 20 mg,http://vademecum.es/medicamento-zanidip_27253
679424,,http://vademecum.es/medicamento-zanidip_37584
661139,ZANIPRESS Comp. recub. con película 10 mg/10 mg,http://vademecum.es/medicamento-zanipress_32530
661141,ZANIPRESS Comp. recub. con película 20 mg/10 mg,http://vademecum.es/medicamento-zanipress_32531
703152,ZANIPRESS Comp. recub. con película 20/20 mg,http://vademecum.es/medicamento-zanipress_44283
654020,ZANTAC Comp. recub. 150 mg,http://vademecum.es/medicamento-zantac_4347
873430,ZANTAC Comp. recub. 150 mg,http://vademecum.es/medicamento-zantac_4347
648246,ZANTAC Comp. recub. 150 mg,http://vademecum.es/medicamento-zantac_4347
654004,ZANTAC Comp. recub. 300 mg,http://vademecum.es/medicamento-zantac_4348
956771,ZANTAC Sol. iny.  IV 50 mg/5 ml,http://vademecum.es/medicamento-zantac_4346
705941,ZAPECINE Comp. recub. con película 150 mg,http://vademecum.es/medicamento-zapecine_44604
705943,ZAPECINE Comp. recub. con película 500 mg,http://vademecum.es/medicamento-zapecine_44605
659352,,http://vademecum.es/medicamento-zapris_31476
659353,,http://vademecum.es/medicamento-zapris_31476
659349,,http://vademecum.es/medicamento-zapris_31477
659350,,http://vademecum.es/medicamento-zapris_31478
672326,ZARATOR Comp. masticable 10 mg,http://vademecum.es/medicamento-zarator_35861
672327,ZARATOR Comp. masticable 20 mg,http://vademecum.es/medicamento-zarator_35862
715334,ZARATOR Comp. recub. con película 10 mg,http://vademecum.es/medicamento-zarator_ficha_4875
603261,ZARATOR Comp. recub. con película 10 mg,http://vademecum.es/medicamento-zarator_ficha_4875
669069,ZARATOR Comp. recub. con película 20 mg,http://vademecum.es/medicamento-zarator_ficha_23532
603264,ZARATOR Comp. recub. con película 20 mg,http://vademecum.es/medicamento-zarator_ficha_23532
669051,ZARATOR Comp. recub. con película 40 mg,http://vademecum.es/medicamento-zarator_ficha_23533
603263,ZARATOR Comp. recub. con película 40 mg,http://vademecum.es/medicamento-zarator_ficha_23533
742098,ZARATOR Comp. recub. con película 80 mg,http://vademecum.es/medicamento-zarator_ficha_26010
603262,ZARATOR Comp. recub. con película 80 mg,http://vademecum.es/medicamento-zarator_ficha_26010
679634,ZAREDROP Sol. oral 75 mg/ml,http://vademecum.es/medicamento-zaredrop_41040
660838,ZARELIS RETARD Comp. de liberación prolongada 150 mg,http://vademecum.es/medicamento-zarelis+retard_32316
660842,ZARELIS RETARD Comp. de liberación prolongada 225 mg,http://vademecum.es/medicamento-zarelis+retard_32317
660833,ZARELIS RETARD Comp. de liberación prolongada 75 mg,http://vademecum.es/medicamento-zarelis+retard_32318
654111,,http://vademecum.es/medicamento-zarontin_4349
662497,"ZARZIO Sol. iny. o perfusión 30 MU/0,5 ml",http://vademecum.es/medicamento-zarzio_33284
662499,"ZARZIO Sol. iny. o perfusión 30 MU/0,5 ml",http://vademecum.es/medicamento-zarzio_33284
662497,"ZARZIO Sol. iny. o perfusión 30 MU/0,5 ml",http://vademecum.es/medicamento-zarzio_33284
662499,"ZARZIO Sol. iny. o perfusión 30 MU/0,5 ml",http://vademecum.es/medicamento-zarzio_33284
662503,"ZARZIO Sol. iny. o perfusión 48 MU/0,5 ml",http://vademecum.es/medicamento-zarzio_33285
662500,"ZARZIO Sol. iny. o perfusión 48 MU/0,5 ml",http://vademecum.es/medicamento-zarzio_33285
950550,ZASTEN Comp. 1 mg,http://vademecum.es/medicamento-zasten_4350
989889,ZASTEN Sol. oral 1 mg/5 ml,http://vademecum.es/medicamento-zasten_4351
699694,ZAVEDOS Polvo para concentrado para sol. para perfu 10 mg,http://vademecum.es/medicamento-zavedos_4352
699686,ZAVEDOS Polvo para concentrado para sol. para perfus 5 mg,http://vademecum.es/medicamento-zavedos_4353
756304,ZAVESCA Cáps. dura 100 mg,http://vademecum.es/medicamento-zavesca_27021
695028,ZAYASEL Comp. 2 mg,http://vademecum.es/medicamento-zayasel_23144
695027,ZAYASEL Comp. 5 mg,http://vademecum.es/medicamento-zayasel_23145
695022,ZAYASEL Sol. oral 1 mg/ml,http://vademecum.es/medicamento-zayasel_23146
695021,,http://vademecum.es/medicamento-zayasel_31193
662848,ZEBINIX Comp. 800 mg,http://vademecum.es/medicamento-zebinix_35062
817445,ZEFFIX Comp. recub. 100 mg,http://vademecum.es/medicamento-zeffix_22724
817452,ZEFFIX Sol. oral 5 mg/ml,http://vademecum.es/medicamento-zeffix_22725
659163,,http://vademecum.es/medicamento-zelaika_27135
659164,,http://vademecum.es/medicamento-zelaika_27135
659165,,http://vademecum.es/medicamento-zelaika_27135
688832,ZELBORAF Comp. recub. con película 240 mg,http://vademecum.es/medicamento-zelboraf_39525
769984,ZELDOX Cáps. dura 20 mg,http://vademecum.es/medicamento-zeldox_ficha_26326
770420,ZELDOX Cáps. dura 40 mg,http://vademecum.es/medicamento-zeldox_ficha_26327
770321,ZELDOX Cáps. dura 40 mg,http://vademecum.es/medicamento-zeldox_ficha_26327
770446,ZELDOX Cáps. dura 60 mg,http://vademecum.es/medicamento-zeldox_ficha_26328
770453,ZELDOX Cáps. dura 80 mg,http://vademecum.es/medicamento-zeldox_ficha_26329
770487,ZELDOX Polvo y disolv. para sol. iny. 20 mg/ml,http://vademecum.es/medicamento-zeldox_26330
695205,ZELIDERM Crema  200 mg/g,http://vademecum.es/medicamento-zeliderm_4354
656002,ZEMPLAR Cáps. blanda 1 mcg,http://vademecum.es/medicamento-zemplar_30131
658274,ZEMPLAR Cáps. blanda 1 mcg,http://vademecum.es/medicamento-zemplar_30131
656003,,http://vademecum.es/medicamento-zemplar_30132
658275,,http://vademecum.es/medicamento-zemplar_30132
658295,ZEMPLAR Sol. iny. 2 mcg/ml,http://vademecum.es/medicamento-zemplar_30798
703265,ZEMPLAR Sol. iny. 2 mcg/ml,http://vademecum.es/medicamento-zemplar_30798
809582,ZEMPLAR Sol. iny. 5 mcg/ml,http://vademecum.es/medicamento-zemplar_26544
809640,ZEMPLAR Sol. iny. 5 mcg/ml,http://vademecum.es/medicamento-zemplar_26544
703079,ZEMPLAR Sol. iny. 5 mcg/ml,http://vademecum.es/medicamento-zemplar_26544
703080,ZEMPLAR Sol. iny. 5 mcg/ml,http://vademecum.es/medicamento-zemplar_26544
756866,ZENAVAN Gel 5%,http://vademecum.es/medicamento-zenavan_19112
708560,,http://vademecum.es/medicamento-zentavion_22356
642728,,http://vademecum.es/medicamento-zentavion_22356
678755,,http://vademecum.es/medicamento-zentavion_4582
678748,,http://vademecum.es/medicamento-zentavion_4582
648832,,http://vademecum.es/medicamento-zentavion_4582
648840,,http://vademecum.es/medicamento-zentavion_4582
712072,ZEPATIER Comp. recub. con película 50 mg/100 mg,http://vademecum.es/medicamento-zepatier_45199
708026,"ZERBAXA Polvo para concentrado sol. para perfus. 1 g/0,5 g",http://vademecum.es/medicamento-zerbaxa_44780
676387,,http://vademecum.es/medicamento-zerit_4516
648121,,http://vademecum.es/medicamento-zerit_4516
676361,ZERIT Cáps. dura 20 mg,http://vademecum.es/medicamento-zerit_4517
648139,ZERIT Cáps. dura 20 mg,http://vademecum.es/medicamento-zerit_4517
676346,ZERIT Cáps. dura 30 mg,http://vademecum.es/medicamento-zerit_4518
648147,ZERIT Cáps. dura 30 mg,http://vademecum.es/medicamento-zerit_4518
676403,ZERIT Cáps. dura 40 mg,http://vademecum.es/medicamento-zerit_4519
648154,ZERIT Cáps. dura 40 mg,http://vademecum.es/medicamento-zerit_4519
676429,ZERIT Polvo para sol. oral 1 mg/ml,http://vademecum.es/medicamento-zerit_5235
649855,ZERIT Polvo para sol. oral 1 mg/ml,http://vademecum.es/medicamento-zerit_5235
774687,"ZESTORETIC Comp. 20/12,5 mg",http://vademecum.es/medicamento-zestoretic_4355
865287,ZESTRIL 20 Comp. 20 mg,http://vademecum.es/medicamento-zestril+20_4356
813014,"ZEVALIN Sol. iny. 1,6 mg/ml",http://vademecum.es/medicamento-zevalin_27928
702137,ZEVTERA Polvo para concentrado para sol. para perf. 500 mg,http://vademecum.es/medicamento-zevtera_43610
811869,ZIAGEN Comp. recub. 300 mg,http://vademecum.es/medicamento-ziagen_22141
811893,ZIAGEN Sol. oral 20 mg/ml,http://vademecum.es/medicamento-ziagen_22142
682013,,http://vademecum.es/medicamento-zidovudina+accord_20600
648709,,http://vademecum.es/medicamento-zidovudina+accord_20599
682021,,http://vademecum.es/medicamento-zidovudina+accord_20599
819516,,http://vademecum.es/medicamento-zidovudina+accord_22357
611442,,http://vademecum.es/medicamento-zidovudina+accord_22357
976407,,http://vademecum.es/medicamento-zidovudina+accord_25892
601765,,http://vademecum.es/medicamento-zidovudina+accord_25892
976415,ZIDOVUDINA ACCORD Sol. 50 mg/5 ml,http://vademecum.es/medicamento-zidovudina+accord_25893
661818,,http://vademecum.es/medicamento-zidovudina+aurobindo_32920
661819,,http://vademecum.es/medicamento-zidovudina+aurobindo_32920
661821,,http://vademecum.es/medicamento-zidovudina+aurobindo_32920
661822,,http://vademecum.es/medicamento-zidovudina+aurobindo_32921
661824,,http://vademecum.es/medicamento-zidovudina+aurobindo_32921
659703,ZIDOVUDINA G.E.S. Sol. para perfusión 2 mg/ml,http://vademecum.es/medicamento-zidovudina+g.e.s._31602
659704,ZIDOVUDINA G.E.S. Sol. para perfusión 2 mg/ml,http://vademecum.es/medicamento-zidovudina+g.e.s._31602
786780,ZINCATION PLUS Champú 10 mg/4 mg/ml,http://vademecum.es/medicamento-zincation+plus_21838
786996,ZINCATION PLUS Champú 10 mg/4 mg/ml,http://vademecum.es/medicamento-zincation+plus_21838
786921,ZINCATION PLUS Champú 10 mg/4 mg/ml,http://vademecum.es/medicamento-zincation+plus_21838
787002,ZINCATION PLUS Champú 10 mg/4 mg/ml,http://vademecum.es/medicamento-zincation+plus_21838
650808,ZINDACLIN Gel 1%,http://vademecum.es/medicamento-zindaclin_28777
650809,ZINDACLIN Gel 1%,http://vademecum.es/medicamento-zindaclin_28777
650810,ZINDACLIN Gel 1%,http://vademecum.es/medicamento-zindaclin_28777
658831,ZINERYT Sol. tópica 40/12 mg/ml,http://vademecum.es/medicamento-zineryt_21839
879262,ZINERYT Sol. tópica 40/12 mg/ml,http://vademecum.es/medicamento-zineryt_21839
694011,ZINFORO Polvo para concentrado para sol. para perf. 600 mg,http://vademecum.es/medicamento-zinforo_40735
638569,ZINNAT Comp. recub. con película 250 mg,http://vademecum.es/medicamento-zinnat_4360
695329,ZINNAT Comp. recub. con película 250 mg,http://vademecum.es/medicamento-zinnat_4360
695330,ZINNAT Comp. recub. con película 250 mg,http://vademecum.es/medicamento-zinnat_4360
638551,ZINNAT Comp. recub. con película 500 mg,http://vademecum.es/medicamento-zinnat_4361
695331,ZINNAT Comp. recub. con película 500 mg,http://vademecum.es/medicamento-zinnat_4361
695332,ZINNAT Comp. recub. con película 500 mg,http://vademecum.es/medicamento-zinnat_4361
695631,ZINNAT Granulado para susp. oral 250 mg,http://vademecum.es/medicamento-zinnat_4363
695333,ZINNAT Granulado para susp. oral 500 mg,http://vademecum.es/medicamento-zinnat_4364
837658,ZINNAT Granulado para suspensión oral 250 mg/5 ml,http://vademecum.es/medicamento-zinnat_22726
703369,"ZINOSAL Comp. recub. con película 12,5 mg",http://vademecum.es/medicamento-zinosal_43900
703370,"ZINOSAL Comp. recub. con película 12,5 mg",http://vademecum.es/medicamento-zinosal_43900
703795,"ZINOSAL Comp. recub. con película 12,5 mg",http://vademecum.es/medicamento-zinosal_43900
687586,ZIPRAMYLAN Cáps. dura 20 mg,http://vademecum.es/medicamento-zipramylan_40403
687593,ZIPRAMYLAN Cáps. dura 40 mg,http://vademecum.es/medicamento-zipramylan_40404
687597,ZIPRAMYLAN Cáps. dura 40 mg,http://vademecum.es/medicamento-zipramylan_40404
687603,ZIPRAMYLAN Cáps. dura 60 mg,http://vademecum.es/medicamento-zipramylan_40405
687611,ZIPRAMYLAN Cáps. dura 80 mg,http://vademecum.es/medicamento-zipramylan_40406
700261,,http://vademecum.es/medicamento-ziprasidona+aurobindo_42958
700240,,http://vademecum.es/medicamento-ziprasidona+aurobindo_42959
700247,ZIPRASIDONA AUROBINDO Cáps. dura 60 mg,http://vademecum.es/medicamento-ziprasidona+aurobindo_42960
700254,ZIPRASIDONA AUROBINDO Cáps. dura 80 mg,http://vademecum.es/medicamento-ziprasidona+aurobindo_42961
689416,,http://vademecum.es/medicamento-ziprasidona+kern+pharma_39683
689421,,http://vademecum.es/medicamento-ziprasidona+kern+pharma_39684
689420,,http://vademecum.es/medicamento-ziprasidona+kern+pharma_39684
689423,,http://vademecum.es/medicamento-ziprasidona+kern+pharma_39685
689424,,http://vademecum.es/medicamento-ziprasidona+kern+pharma_39686
689408,ZIPRASIDONA NORMON EFG Cáps. dura 20 mg,http://vademecum.es/medicamento-ziprasidona+normon+efg_39687
689410,ZIPRASIDONA NORMON EFG Cáps. dura 40 mg,http://vademecum.es/medicamento-ziprasidona+normon+efg_39688
689409,ZIPRASIDONA NORMON EFG Cáps. dura 40 mg,http://vademecum.es/medicamento-ziprasidona+normon+efg_39688
689411,ZIPRASIDONA NORMON EFG Cáps. dura 60 mg,http://vademecum.es/medicamento-ziprasidona+normon+efg_39689
689412,ZIPRASIDONA NORMON EFG Cáps. dura 80 mg,http://vademecum.es/medicamento-ziprasidona+normon+efg_39690
690843,,http://vademecum.es/medicamento-ziprasidona+pharmacia_40736
690913,,http://vademecum.es/medicamento-ziprasidona+pharmacia_40737
690985,,http://vademecum.es/medicamento-ziprasidona+pharmacia_40738
691052,,http://vademecum.es/medicamento-ziprasidona+pharmacia_40739
693330,ZIPRASIDONA SANDOZ Cáps. 20 mg,http://vademecum.es/medicamento-ziprasidona+sandoz_40950
693342,ZIPRASIDONA SANDOZ Cáps. 40 mg,http://vademecum.es/medicamento-ziprasidona+sandoz_40951
693337,ZIPRASIDONA SANDOZ Cáps. 40 mg,http://vademecum.es/medicamento-ziprasidona+sandoz_40951
693365,ZIPRASIDONA SANDOZ Cáps. 60 mg,http://vademecum.es/medicamento-ziprasidona+sandoz_40952
693377,ZIPRASIDONA SANDOZ Cáps. 80 mg,http://vademecum.es/medicamento-ziprasidona+sandoz_40953
688772,ZIPRASIDONA STADA Cáps. dura 20 mg,http://vademecum.es/medicamento-ziprasidona+stada_39526
688767,ZIPRASIDONA STADA Cáps. dura 40 mg,http://vademecum.es/medicamento-ziprasidona+stada_39527
688768,ZIPRASIDONA STADA Cáps. dura 40 mg,http://vademecum.es/medicamento-ziprasidona+stada_39527
688773,ZIPRASIDONA STADA Cáps. dura 60 mg,http://vademecum.es/medicamento-ziprasidona+stada_39528
688802,ZIPRASIDONA STADA Cáps. dura 80 mg,http://vademecum.es/medicamento-ziprasidona+stada_39529
781591,ZITROMAX Cáps. 250 mg,http://vademecum.es/medicamento-zitromax_ficha_4366
676635,ZITROMAX Comp. recub. 500 mg,http://vademecum.es/medicamento-zitromax_ficha_4367
649327,ZITROMAX Comp. recub. 500 mg,http://vademecum.es/medicamento-zitromax_ficha_4367
767475,ZITROMAX Polvo para sol. para perfusión 500 mg,http://vademecum.es/medicamento-zitromax_ficha_26311
699793,ZITROMAX Polvo para susp. oral 1000 mg,http://vademecum.es/medicamento-zitromax_ficha_4368
781583,ZITROMAX Polvo para susp. oral 200 mg/5 ml,http://vademecum.es/medicamento-zitromax_ficha_4373
693770,ZITROMAX Polvo para susp. oral 200 mg/5 ml,http://vademecum.es/medicamento-zitromax_ficha_4373
721514,ZITROMAX Polvo para susp. oral 200 mg/5 ml,http://vademecum.es/medicamento-zitromax_ficha_4373
781633,ZITROMAX Polvo para susp. oral 250 mg,http://vademecum.es/medicamento-zitromax_ficha_4371
699785,ZITROMAX Polvo para susp. oral 500 mg,http://vademecum.es/medicamento-zitromax_ficha_4372
997171,ZOCOR Comp. recub. con película 10 mg,http://vademecum.es/medicamento-zocor_4374
997189,ZOCOR Comp. recub. con película 20 mg,http://vademecum.es/medicamento-zocor_4375
672253,ZOCOR FORTE Comp. recub. con película 40 mg,http://vademecum.es/medicamento-zocor+forte_4854
685398,"ZOELY Comp. recub. con película 2,5/1,5 mg",http://vademecum.es/medicamento-zoely_38865
685399,"ZOELY Comp. recub. con película 2,5/1,5 mg",http://vademecum.es/medicamento-zoely_38865
805556,,http://vademecum.es/medicamento-zofenil_22358
805572,,http://vademecum.es/medicamento-zofenil_22358
697614,,http://vademecum.es/medicamento-zofenil_22358
697615,,http://vademecum.es/medicamento-zofenil_22358
805580,,http://vademecum.es/medicamento-zofenil_22359
805598,,http://vademecum.es/medicamento-zofenil_22359
697616,,http://vademecum.es/medicamento-zofenil_22359
697617,,http://vademecum.es/medicamento-zofenil_22359
805531,,http://vademecum.es/medicamento-zofenil_22361
805549,,http://vademecum.es/medicamento-zofenil_22361
697612,,http://vademecum.es/medicamento-zofenil_22361
697613,,http://vademecum.es/medicamento-zofenil_22361
650983,,http://vademecum.es/medicamento-zofenil+diu_29048
692046,ZOFRAN Comp. recub. 8 mg,http://vademecum.es/medicamento-zofran_4379
692053,ZOFRAN Comp. recub. 8 mg,http://vademecum.es/medicamento-zofran_4379
643635,ZOFRAN Comp. recub. 8 mg,http://vademecum.es/medicamento-zofran_4379
692020,ZOFRAN Comp. recub. con película 4 mg,http://vademecum.es/medicamento-zofran_4378
692038,ZOFRAN Comp. recub. con película 4 mg,http://vademecum.es/medicamento-zofran_4378
643627,ZOFRAN Comp. recub. con película 4 mg,http://vademecum.es/medicamento-zofran_4378
796953,ZOFRAN Sol. iny. 4 mg/2 ml,http://vademecum.es/medicamento-zofran_4376
643643,ZOFRAN Sol. iny. 4 mg/2 ml,http://vademecum.es/medicamento-zofran_4376
643650,ZOFRAN Sol. iny. 8 mg/4 ml,http://vademecum.es/medicamento-zofran_4377
855288,ZOFRAN ZYDIS Liofilizado oral 4 mg,http://vademecum.es/medicamento-zofran+zydis_22728
621185,ZOFRAN ZYDIS Liofilizado oral 4 mg,http://vademecum.es/medicamento-zofran+zydis_22728
855296,ZOFRAN ZYDIS Liofilizado oral 8 mg,http://vademecum.es/medicamento-zofran+zydis_22729
621193,ZOFRAN ZYDIS Liofilizado oral 8 mg,http://vademecum.es/medicamento-zofran+zydis_22729
685719,"ZOLADEX Implante en jeringa precargada 3,6 mg",http://vademecum.es/medicamento-zoladex_4380
674408,"ZOLADEX TRIMESTRAL Sol. iny. 10,8 mg/dosis en jeringa precargada",http://vademecum.es/medicamento-zoladex+trimestral_31654
684609,ZOLAFREN Cáps. dura 10 mg,http://vademecum.es/medicamento-zolafren_38337
684610,ZOLAFREN Cáps. dura 10 mg,http://vademecum.es/medicamento-zolafren_38337
684622,ZOLAFREN Cáps. dura 15 mg,http://vademecum.es/medicamento-zolafren_38570
684579,"ZOLAFREN Cáps. dura 2,5 mg",http://vademecum.es/medicamento-zolafren_38338
684627,ZOLAFREN Cáps. dura 20 mg,http://vademecum.es/medicamento-zolafren_38339
684582,ZOLAFREN Cáps. dura 5 mg,http://vademecum.es/medicamento-zolafren_38340
684583,"ZOLAFREN Cáps. dura 7,5 mg",http://vademecum.es/medicamento-zolafren_38341
661997,ZOLAFREN Comp. 10 mg,http://vademecum.es/medicamento-zolafren_33070
662658,ZOLAFREN Comp. 10 mg,http://vademecum.es/medicamento-zolafren_33070
661996,ZOLAFREN Comp. 5 mg,http://vademecum.es/medicamento-zolafren_33069
677650,ZOLAFREN FLAS Comp. bucodispersable 10 mg,http://vademecum.es/medicamento-zolafren+flas_36965
677651,ZOLAFREN FLAS Comp. bucodispersable 10 mg,http://vademecum.es/medicamento-zolafren+flas_36965
677653,ZOLAFREN FLAS Comp. bucodispersable 15 mg,http://vademecum.es/medicamento-zolafren+flas_36966
677655,ZOLAFREN FLAS Comp. bucodispersable 20 mg,http://vademecum.es/medicamento-zolafren+flas_36967
677659,ZOLAFREN FLAS Comp. bucodispersable 5 mg,http://vademecum.es/medicamento-zolafren+flas_36968
756841,ZOLICO Comp. 400 mcg,http://vademecum.es/medicamento-zolico_26285
734368,,http://vademecum.es/medicamento-zolina+llorens_17509
662270,ZOLISTAN Comp. de liberación modificada 10 mg,http://vademecum.es/medicamento-zolistan_21033
604546,ZOLISTAN Comp. de liberación modificada 10 mg,http://vademecum.es/medicamento-zolistan_21033
896712,ZOLIVAL Polvo y disolv. para sol. iny. 500 mg,http://vademecum.es/medicamento-zolival_18727
689987,"ZOLMITRIPTAN ARISTO Comp. recub. con película 2,5 mg",http://vademecum.es/medicamento-zolmitriptan+aristo_39902
689988,"ZOLMITRIPTAN ARISTO Comp. recub. con película 2,5 mg",http://vademecum.es/medicamento-zolmitriptan+aristo_39902
696057,,http://vademecum.es/medicamento-zolmitriptan+combix_41225
696058,,http://vademecum.es/medicamento-zolmitriptan+combix_41225
681927,"ZOLMITRIPTÁN FLAS  STADA Comp. bucodispersable 2,5 mg",http://vademecum.es/medicamento-zolmitriptan+flas++stada_38077
681928,ZOLMITRIPTÁN FLAS  STADA Comp. bucodispersable 5 mg,http://vademecum.es/medicamento-zolmitriptan+flas++stada_38078
681951,"ZOLMITRIPTÁN FLAS CINFA Comp. bucodispersable 2,5 mg",http://vademecum.es/medicamento-zolmitriptan+flas+cinfa_38079
681952,ZOLMITRIPTÁN FLAS CINFA Comp. bucodispersable 5 mg,http://vademecum.es/medicamento-zolmitriptan+flas+cinfa_38080
696103,,http://vademecum.es/medicamento-zolmitriptan+flas+combix_41224
695526,,http://vademecum.es/medicamento-zolmitriptan+flas+kern+pharma_41041
695509,,http://vademecum.es/medicamento-zolmitriptan+flas+kern+pharma_41042
686113,"ZOLMITRIPTAN FLAS MYLAN Comp. bucodispersable 2,5 mg",http://vademecum.es/medicamento-zolmitriptan+flas+mylan_40059
686126,ZOLMITRIPTAN FLAS MYLAN Comp. bucodispersable 5 mg,http://vademecum.es/medicamento-zolmitriptan+flas+mylan_40060
681948,"ZOLMITRIPTÁN FLAS PHARMAGENUS Comp. bucodispersable 2,5 mg",http://vademecum.es/medicamento-zolmitriptan+flas+pharmagenus_38085
681949,ZOLMITRIPTÁN FLAS PHARMAGENUS Comp. bucodispersable 5 mg,http://vademecum.es/medicamento-zolmitriptan+flas+pharmagenus_38086
681942,"ZOLMITRIPTÁN FLAS QUALIGEN Comp. bucodispersable 2,5 mg",http://vademecum.es/medicamento-zolmitriptan+flas+qualigen_38083
681943,ZOLMITRIPTÁN FLAS QUALIGEN Comp. bucodispersable 5 mg,http://vademecum.es/medicamento-zolmitriptan+flas+qualigen_38084
681945,"ZOLMITRIPTAN FLAS RATIO Comp. bucodispersable 2,5 mg",http://vademecum.es/medicamento-zolmitriptan+flas+ratio_38081
681947,ZOLMITRIPTÁN FLAS RATIO Comp. bucodispersable 5 mg,http://vademecum.es/medicamento-zolmitriptan+flas+ratio_38082
685491,"ZOLMITRIPTAN FLAS SANDOZ Comp. bucodispersable 2,5 mg",http://vademecum.es/medicamento-zolmitriptan+flas+sandoz_39312
685499,ZOLMITRIPTAN FLAS SANDOZ Comp. bucodispersable 5 mg,http://vademecum.es/medicamento-zolmitriptan+flas+sandoz_39313
690013,"ZOLMITRIPTAN FLASH ARISTO Comp. bucodispersable 2,5 mg",http://vademecum.es/medicamento-zolmitriptan+flash+aristo_39898
690014,ZOLMITRIPTAN FLASH ARISTO Comp. bucodispersable 5 mg,http://vademecum.es/medicamento-zolmitriptan+flash+aristo_39899
689964,"ZOLMITRIPTAN FLASH TECNIGEN Comp. bucodispersable 2,5 mg",http://vademecum.es/medicamento-zolmitriptan+flash+tecnigen_39900
689967,ZOLMITRIPTAN FLASH TECNIGEN Comp. bucodispersable 5 mg,http://vademecum.es/medicamento-zolmitriptan+flash+tecnigen_39901
690011,,http://vademecum.es/medicamento-zolmitriptan+geprem_39903
690012,,http://vademecum.es/medicamento-zolmitriptan+geprem_39903
692692,,http://vademecum.es/medicamento-zolmitriptan+glenmark_45282
692693,,http://vademecum.es/medicamento-zolmitriptan+glenmark_45282
695520,"ZOLMITRIPTAN KERN PHARMA Comp. recub. con película 2,5 mg",http://vademecum.es/medicamento-zolmitriptan+kern+pharma_41043
695521,"ZOLMITRIPTAN KERN PHARMA Comp. recub. con película 2,5 mg",http://vademecum.es/medicamento-zolmitriptan+kern+pharma_41043
687110,"ZOLMITRIPTAN NORMON Comp. bucodispersable 2,5 mg",http://vademecum.es/medicamento-zolmitriptan+normon_40532
687107,ZOLMITRIPTAN NORMON Comp. bucodispersable 5 mg,http://vademecum.es/medicamento-zolmitriptan+normon_40533
687116,"ZOLMITRIPTAN NORMON Comp. recub. con película 2,5 mg",http://vademecum.es/medicamento-zolmitriptan+normon_40534
687117,"ZOLMITRIPTAN NORMON Comp. recub. con película 2,5 mg",http://vademecum.es/medicamento-zolmitriptan+normon_40534
692869,,http://vademecum.es/medicamento-zolmitriptan+ranbaxy_40407
692870,,http://vademecum.es/medicamento-zolmitriptan+ranbaxy_40408
692872,,http://vademecum.es/medicamento-zolmitriptan+ranbaxy_40409
692873,,http://vademecum.es/medicamento-zolmitriptan+ranbaxy_40409
692249,,http://vademecum.es/medicamento-zolmitriptan+renantos_41416
692255,,http://vademecum.es/medicamento-zolmitriptan+renantos_41416
692261,,http://vademecum.es/medicamento-zolmitriptan+renantos_41415
692267,,http://vademecum.es/medicamento-zolmitriptan+renantos_41415
683398,,http://vademecum.es/medicamento-zolmitriptan+swanpond_38202
683365,,http://vademecum.es/medicamento-zolmitriptan+swanpond+investments_38203
683366,,http://vademecum.es/medicamento-zolmitriptan+swanpond+investments_38204
683399,,http://vademecum.es/medicamento-zolmitriptan+swanpond+investments_38205
689960,"ZOLMITRIPTAN TECNIGEN Comp. recub. con película 2,5 mg",http://vademecum.es/medicamento-zolmitriptan+tecnigen_39904
689961,"ZOLMITRIPTAN TECNIGEN Comp. recub. con película 2,5 mg",http://vademecum.es/medicamento-zolmitriptan+tecnigen_39904
689962,,http://vademecum.es/medicamento-zolmitriptan+tecnigen_39905
689963,,http://vademecum.es/medicamento-zolmitriptan+tecnigen_39905
680258,"ZOLMITRIPTAN TEVA Comp. bucodispersable 2,5 mg",http://vademecum.es/medicamento-zolmitriptan+teva_39691
680263,ZOLMITRIPTAN TEVA Comp. bucodispersable 5 mg,http://vademecum.es/medicamento-zolmitriptan+teva_39692
680867,"ZOLMITRIPTAN TEVA Comp. recub. con película 2,5 mg",http://vademecum.es/medicamento-zolmitriptan+teva_38206
680869,"ZOLMITRIPTAN TEVA Comp. recub. con película 2,5 mg",http://vademecum.es/medicamento-zolmitriptan+teva_38206
701572,ZOLPIDEM AUROBINDO Comp. recub. con película 10 mg,http://vademecum.es/medicamento-zolpidem+aurobindo_43283
735621,ZOLPIDEM BEXALABS Comp. recub. con película 10 mg,http://vademecum.es/medicamento-zolpidem+bexalabs_26004
828806,ZOLPIDEM CINFA EFG Comp. recub. 10 mg,http://vademecum.es/medicamento-zolpidem+cinfa+efg_27254
625350,ZOLPIDEM CINFA EFG Comp. recub. 10 mg,http://vademecum.es/medicamento-zolpidem+cinfa+efg_27254
740084,ZOLPIDEM DESGEN EFG Comp. recub. 10 mg,http://vademecum.es/medicamento-zolpidem+desgen+efg_27027
636522,ZOLPIDEM DESGEN EFG Comp. recub. 10 mg,http://vademecum.es/medicamento-zolpidem+desgen+efg_27027
739664,ZOLPIDEM DESGEN EFG Comp. recub. 5 mg,http://vademecum.es/medicamento-zolpidem+desgen+efg_27028
636514,ZOLPIDEM DESGEN EFG Comp. recub. 5 mg,http://vademecum.es/medicamento-zolpidem+desgen+efg_27028
775098,,http://vademecum.es/medicamento-zolpidem+edigen+efg_25380
607085,,http://vademecum.es/medicamento-zolpidem+edigen+efg_25380
765941,ZOLPIDEM MYLAN EFG Comp. recub. con película 10 mg,http://vademecum.es/medicamento-zolpidem+mylan+efg_26288
614651,ZOLPIDEM MYLAN EFG Comp. recub. con película 10 mg,http://vademecum.es/medicamento-zolpidem+mylan+efg_26288
816181,ZOLPIDEM NORMON EFG Comp. recub. 10 mg,http://vademecum.es/medicamento-zolpidem+normon+efg_25960
608414,ZOLPIDEM NORMON EFG Comp. recub. 10 mg,http://vademecum.es/medicamento-zolpidem+normon+efg_25960
762740,ZOLPIDEM PHARMAGENUS Comp. recub. 5 mg,http://vademecum.es/medicamento-zolpidem+pharmagenus_27032
617084,ZOLPIDEM PHARMAGENUS Comp. recub. 5 mg,http://vademecum.es/medicamento-zolpidem+pharmagenus_27032
782771,ZOLPIDEM PHARMAGENUS EFG Comp. 10 mg,http://vademecum.es/medicamento-zolpidem+pharmagenus+efg_27031
625343,ZOLPIDEM PHARMAGENUS EFG Comp. 10 mg,http://vademecum.es/medicamento-zolpidem+pharmagenus+efg_27031
999868,ZOLPIDEM RATIOPHARM EFG Comp. recub. 10 mg,http://vademecum.es/medicamento-zolpidem+ratiopharm+efg_25895
603720,ZOLPIDEM RATIOPHARM EFG Comp. recub. 10 mg,http://vademecum.es/medicamento-zolpidem+ratiopharm+efg_25895
664279,ZOLPIDEM RATIOPHARM EFG Comp. recub. 10 mg,http://vademecum.es/medicamento-zolpidem+ratiopharm+efg_25895
701474,ZOLPIDEM SANDOZ EFG Comp. recub. con película 10 mg,http://vademecum.es/medicamento-zolpidem+sandoz+efg_25894
605048,ZOLPIDEM SANDOZ EFG Comp. recub. con película 10 mg,http://vademecum.es/medicamento-zolpidem+sandoz+efg_25894
873992,ZOLPIDEM STADA EFG Comp. recub. 10 mg,http://vademecum.es/medicamento-zolpidem+stada+efg_25377
615526,ZOLPIDEM STADA EFG Comp. recub. 10 mg,http://vademecum.es/medicamento-zolpidem+stada+efg_25377
689319,ZOLPIDEM TEVAGEN Comp. recub. con película 10 mg,http://vademecum.es/medicamento-zolpidem+tevagen_39693
699464,ZOLPIDEM TEVAGEN Comp. recub. con película 10 mg,http://vademecum.es/medicamento-zolpidem+tevagen_39693
699465,ZOLPIDEM TEVAGEN Comp. recub. con película 10 mg,http://vademecum.es/medicamento-zolpidem+tevagen_39693
689318,ZOLPIDEM TEVAGEN Comp. recub. con película 5 mg,http://vademecum.es/medicamento-zolpidem+tevagen_39694
699466,ZOLPIDEM TEVAGEN Comp. recub. con película 5 mg,http://vademecum.es/medicamento-zolpidem+tevagen_39694
699467,ZOLPIDEM TEVAGEN Comp. recub. con película 5 mg,http://vademecum.es/medicamento-zolpidem+tevagen_39694
707174,ZOLPIDEM VIR Comp. 10 mg,http://vademecum.es/medicamento-zolpidem+vir_25896
606053,ZOLPIDEM VIR Comp. 10 mg,http://vademecum.es/medicamento-zolpidem+vir_25896
818419,,http://vademecum.es/medicamento-zolpidem+zentiva_26033
607010,,http://vademecum.es/medicamento-zolpidem+zentiva_26033
663533,ZOLPIDEN APOTEX Comp. recub. con película 10 mg,http://vademecum.es/medicamento-zolpiden+apotex_33616
687739,ZOLRIDA Comp. gastrorresistente 20 mg,http://vademecum.es/medicamento-zolrida_40249
687741,ZOLRIDA Comp. gastrorresistente 20 mg,http://vademecum.es/medicamento-zolrida_40249
687750,ZOLRIDA Comp. gastrorresistente 40 mg,http://vademecum.es/medicamento-zolrida_40250
687752,ZOLRIDA Comp. gastrorresistente 40 mg,http://vademecum.es/medicamento-zolrida_40250
667541,ZOMACTON Polvo y disolv. para sol. iny. 10 mg/ml,http://vademecum.es/medicamento-zomacton_35216
650184,ZOMACTON Polvo y disolv. para sol. iny. 12 UI,http://vademecum.es/medicamento-zomacton_4381
760884,ZOMACTON Polvo y disolv. para sol. iny. 12 UI,http://vademecum.es/medicamento-zomacton_4381
662085,ZOMARIST Comp. recub. con película 50/1000 mg,http://vademecum.es/medicamento-zomarist_33059
662084,ZOMARIST Comp. recub. con película 50/850 mg,http://vademecum.es/medicamento-zomarist_33058
664854,"ZOMIG Comp. recub. con película 2,5 mg",http://vademecum.es/medicamento-zomig_20998
664862,"ZOMIG Comp. recub. con película 2,5 mg",http://vademecum.es/medicamento-zomig_20998
715128,ZOMIG Sol. para pulv. nasal 5 mg/dosis,http://vademecum.es/medicamento-zomig_27035
654631,"ZOMIG FLAS Comp. bucodispersable 2,5 mg",http://vademecum.es/medicamento-zomig+flas_30387
852988,"ZOMIG FLAS Comp. bucodispersable 2,5 mg",http://vademecum.es/medicamento-zomig+flas_22730
780650,ZOMIG FLAS Comp. bucodispersable 5 mg,http://vademecum.es/medicamento-zomig+flas_27722
696005,,http://vademecum.es/medicamento-zomorph_ficha_5046
696013,,http://vademecum.es/medicamento-zomorph_ficha_5047
651529,ZONEGRAN Cáps. dura 100 mg,http://vademecum.es/medicamento-zonegran_29206
651530,ZONEGRAN Cáps. dura 25 mg,http://vademecum.es/medicamento-zonegran_29207
651527,ZONEGRAN Cáps. dura 25 mg,http://vademecum.es/medicamento-zonegran_29207
651531,ZONEGRAN Cáps. dura 50 mg,http://vademecum.es/medicamento-zonegran_29208
651528,ZONEGRAN Cáps. dura 50 mg,http://vademecum.es/medicamento-zonegran_29208
651531,ZONEGRAN Cáps. dura 50 mg,http://vademecum.es/medicamento-zonegran_29208
651528,ZONEGRAN Cáps. dura 50 mg,http://vademecum.es/medicamento-zonegran_29208
710494,ZONISAMIDA BLUEFISH Cáps. dura 100 mg,http://vademecum.es/medicamento-zonisamida+bluefish_45283
710499,ZONISAMIDA BLUEFISH Cáps. dura 100 mg,http://vademecum.es/medicamento-zonisamida+bluefish_45283
710503,ZONISAMIDA BLUEFISH Cáps. dura 25 mg,http://vademecum.es/medicamento-zonisamida+bluefish_45284
710507,ZONISAMIDA BLUEFISH Cáps. dura 25 mg,http://vademecum.es/medicamento-zonisamida+bluefish_45284
710512,ZONISAMIDA BLUEFISH Cáps. dura 50 mg,http://vademecum.es/medicamento-zonisamida+bluefish_45285
710516,ZONISAMIDA BLUEFISH Cáps. dura 50 mg,http://vademecum.es/medicamento-zonisamida+bluefish_45285
710364,,http://vademecum.es/medicamento-zonisamida+cinfa_45006
710360,,http://vademecum.es/medicamento-zonisamida+cinfa_45007
710362,,http://vademecum.es/medicamento-zonisamida+cinfa_45008
710919,ZONISAMIDA CINFAMED Cáps. dura 100 mg,http://vademecum.es/medicamento-zonisamida+cinfamed_45343
710917,ZONISAMIDA CINFAMED Cáps. dura 25 mg,http://vademecum.es/medicamento-zonisamida+cinfamed_45344
710918,ZONISAMIDA CINFAMED Cáps. dura 50 mg,http://vademecum.es/medicamento-zonisamida+cinfamed_45345
710641,ZONISAMIDA KERN PHARMA Cáps. dura 100 mg,http://vademecum.es/medicamento-zonisamida+kern+pharma_45009
710650,ZONISAMIDA KERN PHARMA Cáps. dura 25 mg,http://vademecum.es/medicamento-zonisamida+kern+pharma_45010
710642,ZONISAMIDA KERN PHARMA Cáps. dura 50 mg,http://vademecum.es/medicamento-zonisamida+kern+pharma_45011
711062,ZONISAMIDA MYLAN Cáps. dura 100 mg,http://vademecum.es/medicamento-zonisamida+mylan_45045
711064,ZONISAMIDA MYLAN Cáps. dura 25 mg,http://vademecum.es/medicamento-zonisamida+mylan_45046
711063,ZONISAMIDA MYLAN Cáps. dura 50 mg,http://vademecum.es/medicamento-zonisamida+mylan_45047
708971,ZONISAMIDA RATIOPHARM Cáps. dura 100 mg,http://vademecum.es/medicamento-zonisamida+ratiopharm_44722
708978,ZONISAMIDA RATIOPHARM Cáps. dura 25 mg,http://vademecum.es/medicamento-zonisamida+ratiopharm_44723
708975,ZONISAMIDA RATIOPHARM Cáps. dura 50 mg,http://vademecum.es/medicamento-zonisamida+ratiopharm_44724
710926,ZONISAMIDA SANDOZ Cáps. dura 100 mg,http://vademecum.es/medicamento-zonisamida+sandoz_45048
710922,ZONISAMIDA SANDOZ Cáps. dura 25 mg,http://vademecum.es/medicamento-zonisamida+sandoz_45049
710924,ZONISAMIDA SANDOZ Cáps. dura 50 mg,http://vademecum.es/medicamento-zonisamida+sandoz_45050
711303,ZONISAMIDA STADAGEN Cáps. dura 100 mg,http://vademecum.es/medicamento-zonisamida+stadagen_45545
711299,ZONISAMIDA STADAGEN Cáps. dura 25 mg,http://vademecum.es/medicamento-zonisamida+stadagen_45546
711301,ZONISAMIDA STADAGEN Cáps. dura 50 mg,http://vademecum.es/medicamento-zonisamida+stadagen_45547
711298,ZONISAMIDA TARBIS Cáps. dura 100 mg,http://vademecum.es/medicamento-zonisamida+tarbis_45346
711294,ZONISAMIDA TARBIS Cáps. dura 25 mg,http://vademecum.es/medicamento-zonisamida+tarbis_45347
711296,ZONISAMIDA TARBIS Cáps. dura 50 mg,http://vademecum.es/medicamento-zonisamida+tarbis_45348
710659,ZONISAMIDA TECNIGEN Cáps. dura 100 mg,http://vademecum.es/medicamento-zonisamida+tecnigen_45012
710653,ZONISAMIDA TECNIGEN Cáps. dura 25 mg,http://vademecum.es/medicamento-zonisamida+tecnigen_45013
710656,ZONISAMIDA TECNIGEN Cáps. dura 50 mg,http://vademecum.es/medicamento-zonisamida+tecnigen_45014
708981,ZONISAMIDA TEVA Cáps. dura 100 mg,http://vademecum.es/medicamento-zonisamida+teva_44725
708985,ZONISAMIDA TEVA Cáps. dura 25 mg,http://vademecum.es/medicamento-zonisamida+teva_44726
708988,ZONISAMIDA TEVA Cáps. dura 50 mg,http://vademecum.es/medicamento-zonisamida+teva_44727
870295,"ZOPICALMA Comp. recub. 7,5 mg",http://vademecum.es/medicamento-zopicalma_23095
692320,"ZOPICLONA QUALIGEN Comp. recub. con película 7,5 mg",http://vademecum.es/medicamento-zopiclona+qualigen_41788
664243,"ZORAC Gel 0,05%",http://vademecum.es/medicamento-zorac_21270
664235,"ZORAC Gel 0,05%",http://vademecum.es/medicamento-zorac_21270
664268,"ZORAC Gel 0,1%",http://vademecum.es/medicamento-zorac_21269
664250,"ZORAC Gel 0,1%",http://vademecum.es/medicamento-zorac_21269
654488,"ZOSTAVAX Susp. iny. en jer. prec 19400 UFP/0,65 ml",http://vademecum.es/medicamento-zostavax_29950
654489,,http://vademecum.es/medicamento-zostavax_29949
665331,ZOVICREM LABIAL Crema 5%,http://vademecum.es/medicamento-zovicrem+labial_23202
659885,ZOVICREM LABIAL Crema 5%,http://vademecum.es/medicamento-zovicrem+labial_23202
671705,ZOVIDUO Crema 50 mg/g + 10 mg/g,http://vademecum.es/medicamento-zoviduo_36505
915140,,http://vademecum.es/medicamento-zovilabial_25525
966333,ZOVIRAX Comp. dispersable 200 mg,http://vademecum.es/medicamento-zovirax_4383
988659,ZOVIRAX Comp. dispersable 800 mg,http://vademecum.es/medicamento-zovirax_4384
969659,ZOVIRAX Crema 50 mg/g,http://vademecum.es/medicamento-zovirax_4386
966341,ZOVIRAX Crema 50 mg/g,http://vademecum.es/medicamento-zovirax_4386
964460,ZOVIRAX Pom. oft. 30 mg/g,http://vademecum.es/medicamento-zovirax_4388
964478,,http://vademecum.es/medicamento-zovirax+i.v._4387
610204,,http://vademecum.es/medicamento-zovirax+i.v._4387
884304,ZOVIRAX SUSP. FORTE Susp. oral 400 mg/5 ml,http://vademecum.es/medicamento-zovirax+susp.+forte_4389
884312,ZOVIRAX SUSP. FORTE Susp. oral 400 mg/5 ml,http://vademecum.es/medicamento-zovirax+susp.+forte_4389
682571,ZUANDOL Comp. recub. con película 100 mg,http://vademecum.es/medicamento-zuandol_38087
682572,ZUANDOL Comp. recub. con película 100 mg,http://vademecum.es/medicamento-zuandol_38087
682561,,http://vademecum.es/medicamento-zuandol_38088
682562,ZUANDOL Comp. recub. con película 50 mg,http://vademecum.es/medicamento-zuandol_38089
682563,ZUANDOL Comp. recub. con película 50 mg,http://vademecum.es/medicamento-zuandol_38089
682564,ZUANDOL Comp. recub. con película 50 mg,http://vademecum.es/medicamento-zuandol_38089
682565,ZUANDOL Comp. recub. con película 50 mg,http://vademecum.es/medicamento-zuandol_38089
653886,"ZUANTRIP Cáps. dura de liberación modificada 0,4 mg",http://vademecum.es/medicamento-zuantrip_29764
658182,,http://vademecum.es/medicamento-zuria_30664
661613,,http://vademecum.es/medicamento-zuria_30664
665954,ZUTECTRA Sol. iny. 500 UI,http://vademecum.es/medicamento-zutectra_37370
694012,"ZYCLARA Crema 3,75%",http://vademecum.es/medicamento-zyclara_40740
703994,ZYDELIG Comp. recub. con película 100 mg,http://vademecum.es/medicamento-zydelig_44690
703995,ZYDELIG Comp. recub. con película 150 mg,http://vademecum.es/medicamento-zydelig_44691
688042,ZYLLT Comp. recub. con película 75 mg,http://vademecum.es/medicamento-zyllt_39314
703813,ZYLLT Comp. recub. con película 75 mg,http://vademecum.es/medicamento-zyllt_39314
849620,ZYLORIC Comp. 100 mg,http://vademecum.es/medicamento-zyloric_4391
849612,ZYLORIC Comp. 100 mg,http://vademecum.es/medicamento-zyloric_4391
960930,ZYLORIC Comp. 300 mg,http://vademecum.es/medicamento-zyloric_4392
893875,ZYNTABAC Comp. de liberación prolongada 150 mg,http://vademecum.es/medicamento-zyntabac_23126
893891,ZYNTABAC Comp. de liberación prolongada 150 mg,http://vademecum.es/medicamento-zyntabac_23126
650368,ZYNTABAC Comp. de liberación prolongada 150 mg,http://vademecum.es/medicamento-zyntabac_23126
665787,ZYPADHERA Susp. iny. 210 mg,http://vademecum.es/medicamento-zypadhera_35640
665788,ZYPADHERA Susp. iny. 300 mg,http://vademecum.es/medicamento-zypadhera_35641
665789,ZYPADHERA Susp. iny. 405 mg,http://vademecum.es/medicamento-zypadhera_35642
675322,,http://vademecum.es/medicamento-zyprexa_25384
675439,,http://vademecum.es/medicamento-zyprexa_25385
674572,ZYPREXA Comp. recub. 10 mg,http://vademecum.es/medicamento-zyprexa_4705
674564,ZYPREXA Comp. recub. 10 mg,http://vademecum.es/medicamento-zyprexa_4705
877001,"ZYPREXA Comp. recub. 2,5 mg",http://vademecum.es/medicamento-zyprexa_21271
674622,ZYPREXA Comp. recub. 5 mg,http://vademecum.es/medicamento-zyprexa_4707
674606,"ZYPREXA Comp. recub. 7,5 mg",http://vademecum.es/medicamento-zyprexa_4706
700547,ZYPREXA Polvo para sol. iny. 10 mg,http://vademecum.es/medicamento-zyprexa_25953
938530,,http://vademecum.es/medicamento-zyprexa+intramuscular_25410
889907,ZYPREXA VELOTAB Comp. bucodispersable 10 mg,http://vademecum.es/medicamento-zyprexa+velotab_25386
651649,ZYPREXA VELOTAB Comp. bucodispersable 10 mg,http://vademecum.es/medicamento-zyprexa+velotab_25386
889915,ZYPREXA VELOTAB Comp. bucodispersable 15 mg,http://vademecum.es/medicamento-zyprexa+velotab_29210
889881,ZYPREXA VELOTAB Comp. bucodispersable 20 mg,http://vademecum.es/medicamento-zyprexa+velotab_29211
889949,ZYPREXA VELOTAB Comp. bucodispersable 5 mg,http://vademecum.es/medicamento-zyprexa+velotab_25387
693940,ZYPSILAN Cáps. dura 20 mg,http://vademecum.es/medicamento-zypsilan_41226
693950,ZYPSILAN Cáps. dura 40 mg,http://vademecum.es/medicamento-zypsilan_41227
696149,ZYPSILAN Cáps. dura 40 mg,http://vademecum.es/medicamento-zypsilan_41227
693970,ZYPSILAN Cáps. dura 60 mg,http://vademecum.es/medicamento-zypsilan_41228
693961,ZYPSILAN Cáps. dura 80 mg,http://vademecum.es/medicamento-zypsilan_41229
665695,ZYRTEC Comp. recub. 10 mg,http://vademecum.es/medicamento-zyrtec_4393
665703,ZYRTEC Gotas orales en sol. 10 mg/ml,http://vademecum.es/medicamento-zyrtec_4394
692905,ZYRTEC Sol. oral 1 mg/1 ml,http://vademecum.es/medicamento-zyrtec_4395
692897,ZYRTEC Sol. oral 1 mg/1 ml,http://vademecum.es/medicamento-zyrtec_4395
683759,ZYTIGA Comp. 250 mg,http://vademecum.es/medicamento-zytiga_ficha_38343
879635,ZYTRAM Comp. de liberación prolongada 150 mg,http://vademecum.es/medicamento-zytram_22731
879627,ZYTRAM Comp. de liberación prolongada 150 mg,http://vademecum.es/medicamento-zytram_22731
879809,ZYTRAM Comp. de liberación prolongada 200 mg,http://vademecum.es/medicamento-zytram_22732
879643,ZYTRAM Comp. de liberación prolongada 200 mg,http://vademecum.es/medicamento-zytram_22732
879817,ZYTRAM Comp. de liberación prolongada 300 mg,http://vademecum.es/medicamento-zytram_22733
879841,ZYTRAM Comp. de liberación prolongada 300 mg,http://vademecum.es/medicamento-zytram_22733
879932,ZYTRAM Comp. de liberación prolongada 400 mg,http://vademecum.es/medicamento-zytram_22734
879940,ZYTRAM Comp. de liberación prolongada 400 mg,http://vademecum.es/medicamento-zytram_22734
880104,ZYTRAM BID Comp. de liberación prolongada 75 mg,http://vademecum.es/medicamento-zytram+bid_22738
904227,ZYVOXID Comp. recub. con película 600 mg,http://vademecum.es/medicamento-zyvoxid_ficha_25427
897371,ZYVOXID Granulado para susp. oral 100 mg/5 ml,http://vademecum.es/medicamento-zyvoxid_ficha_25428
970145,ZYVOXID Sol. para perfusión IV 2 mg/ml,http://vademecum.es/medicamento-zyvoxid_ficha_25426
